{
    "bufferMetadata": {
        "byteSize": 860160,
        "format": 13,
        "height": 640,
        "rowStride": 896,
        "type": 1,
        "width": 832
    },
    "channelIndex": 0,
    "extrinsics": {
        "value": [
            0.9999347426176487,
            -0.0003689257569202054,
            -0.011418160989535738,
            0.0,
            0.0003668739668502641,
            0.999999916178054,
            -0.00018178937826379693,
            0.0,
            0.011418227099227025,
            0.000177588489161995,
            0.9999347941504281,
            0.0,
            0.0,
            0.0,
            0.0,
            1.0
        ]
    },
    "intrinsics": {
        "distortionCoefficients": [
            5.2492451667785645,
            0.204847052693367,
            -0.09155680984258652,
            8.465497970581055,
            -3.7477821024367586e-05,
            -6.70523240842158e-06,
            4.362573146820068,
            -0.5641931295394897
        ],
        "focalLengthX": 0.8780673146247864,
        "focalLengthY": 0.8780673146247864,
        "model": 2,
        "principalPointX": 0.49480119347572327,
        "principalPointY": 0.4892016053199768
    },
    "streamFrame": {
        "channels": 3,
        "dataFlags": 7,
        "frameNumber": 43028,
        "hmdPose": {
            "value": [
                0.44556904442525,
                0.11942487456839783,
                0.8872462637022955,
                0.0,
                -0.05707723028022545,
                0.9928357032066897,
                -0.10497359813406845,
                0.0,
                -0.8934262268944757,
                -0.0038685728631146776,
                0.44919329655306006,
                0.0,
                0.23586340248584747,
                0.5027291774749756,
                0.6634896993637085,
                1.0
            ]
        },
        "id": 1,
        "metadata": {
            "cameraCalibrationConstant": 0.7799999713897705,
            "ev": 7.192165851593018,
            "exposureTime": 0.009999999776482582,
            "timestamp": 1000015378676548300,
            "wbNormalizationData": {
                "ccm": {
                    "value": [
                        1.853927731513977,
                        -0.6221085786819458,
                        -0.23182015120983124,
                        -0.5497184991836548,
                        1.855966567993164,
                        -0.3062480092048645,
                        -0.06852991878986359,
                        -0.6435151696205139,
                        1.712050199508667
                    ]
                },
                "invCCM": {
                    "value": [
                        0.6411198288367674,
                        0.2352271617115074,
                        0.12365418459210718,
                        0.193152843795107,
                        0.6510263103952112,
                        0.15582289545300368,
                        0.09428614762734636,
                        0.2569038927760153,
                        0.6488252097989301
                    ]
                },
                "whiteBalanceColorGains": [
                    0.9395090575139132,
                    1.0,
                    1.3030460456441744
                ]
            },
            "whiteBalanceTemperature": 4831.0
        },
        "type": 1
    },
    "timestamp": 1000015378676548300
}