{
    "bufferMetadata": {
        "byteSize": 860160,
        "format": 13,
        "height": 640,
        "rowStride": 896,
        "type": 1,
        "width": 832
    },
    "channelIndex": 0,
    "extrinsics": {
        "value": [
            0.9999347426176487,
            -0.0003689257569202054,
            -0.011418160989535738,
            0.0,
            0.0003668739668502641,
            0.999999916178054,
            -0.00018178937826379693,
            0.0,
            0.011418227099227025,
            0.000177588489161995,
            0.9999347941504281,
            0.0,
            0.0,
            0.0,
            0.0,
            1.0
        ]
    },
    "intrinsics": {
        "distortionCoefficients": [
            5.2492451667785645,
            0.204847052693367,
            -0.09155680984258652,
            8.465497970581055,
            -3.7477821024367586e-05,
            -6.70523240842158e-06,
            4.362573146820068,
            -0.5641931295394897
        ],
        "focalLengthX": 0.8780673146247864,
        "focalLengthY": 0.8780673146247864,
        "model": 2,
        "principalPointX": 0.49480119347572327,
        "principalPointY": 0.4892016053199768
    },
    "streamFrame": {
        "channels": 3,
        "dataFlags": 7,
        "frameNumber": 43151,
        "hmdPose": {
            "value": [
                0.5054658723443413,
                0.10176939644154201,
                0.8568239246973487,
                0.0,
                0.01736164592441209,
                0.9916193661457637,
                -0.1280218960538378,
                0.0,
                -0.8626719082227258,
                0.0795865727767477,
                0.4994628637248497,
                0.0,
                0.23586340248584747,
                0.5027291774749756,
                0.6634896993637085,
                1.0
            ]
        },
        "id": 1,
        "metadata": {
            "cameraCalibrationConstant": 0.7799999713897705,
            "ev": 7.103945255279541,
            "exposureTime": 0.009999999776482582,
            "timestamp": 1000015380043249900,
            "wbNormalizationData": {
                "ccm": {
                    "value": [
                        1.8429845571517944,
                        -0.6085715293884277,
                        -0.23441389203071594,
                        -0.5522081851959229,
                        1.8580538034439087,
                        -0.3058456778526306,
                        -0.06954653561115265,
                        -0.6459441781044006,
                        1.7154954671859741
                    ]
                },
                "invCCM": {
                    "value": [
                        0.6411198288367674,
                        0.2352271617115074,
                        0.12365418459210718,
                        0.193152843795107,
                        0.6510263103952112,
                        0.15582289545300368,
                        0.09428614762734636,
                        0.2569038927760153,
                        0.6488252097989301
                    ]
                },
                "whiteBalanceColorGains": [
                    0.9373028210219077,
                    1.0,
                    1.3014869196873442
                ]
            },
            "whiteBalanceTemperature": 4822.0
        },
        "type": 1
    },
    "timestamp": 1000015380043249900
}