{
    "bufferMetadata": {
        "byteSize": 860160,
        "format": 13,
        "height": 640,
        "rowStride": 896,
        "type": 1,
        "width": 832
    },
    "channelIndex": 0,
    "extrinsics": {
        "value": [
            0.9999347426176487,
            -0.0003689257569202054,
            -0.011418160989535738,
            0.0,
            0.0003668739668502641,
            0.999999916178054,
            -0.00018178937826379693,
            0.0,
            0.011418227099227025,
            0.000177588489161995,
            0.9999347941504281,
            0.0,
            0.0,
            0.0,
            0.0,
            1.0
        ]
    },
    "intrinsics": {
        "distortionCoefficients": [
            5.2492451667785645,
            0.204847052693367,
            -0.09155680984258652,
            8.465497970581055,
            -3.7477821024367586e-05,
            -6.70523240842158e-06,
            4.362573146820068,
            -0.5641931295394897
        ],
        "focalLengthX": 0.8780673146247864,
        "focalLengthY": 0.8780673146247864,
        "model": 2,
        "principalPointX": 0.49480119347572327,
        "principalPointY": 0.4892016053199768
    },
    "streamFrame": {
        "channels": 3,
        "dataFlags": 7,
        "frameNumber": 43000,
        "hmdPose": {
            "value": [
                0.2414571352567939,
                0.12180128034862661,
                0.9627371933222596,
                0.0,
                -0.11592505040851453,
                0.9886078007893003,
                -0.09599999457497795,
                0.0,
                -0.9634624216794186,
                -0.08842547356982429,
                0.25282622698332324,
                0.0,
                0.23586340248584747,
                0.5027291774749756,
                0.6634896993637085,
                1.0
            ]
        },
        "id": 1,
        "metadata": {
            "cameraCalibrationConstant": 0.7799999713897705,
            "ev": 7.0633544921875,
            "exposureTime": 0.009999999776482582,
            "timestamp": 1000015378365451700,
            "wbNormalizationData": {
                "ccm": {
                    "value": [
                        1.867751955986023,
                        -0.6471905708312988,
                        -0.22056137025356293,
                        -0.5250899791717529,
                        1.8464314937591553,
                        -0.32134124636650085,
                        -0.06249546259641647,
                        -0.6438897848129272,
                        1.7063863277435303
                    ]
                },
                "invCCM": {
                    "value": [
                        0.6411198288367674,
                        0.2352271617115074,
                        0.12365418459210718,
                        0.193152843795107,
                        0.6510263103952112,
                        0.15582289545300368,
                        0.09428614762734636,
                        0.2569038927760153,
                        0.6488252097989301
                    ]
                },
                "whiteBalanceColorGains": [
                    0.9483191728694761,
                    1.0,
                    1.261648877402595
                ]
            },
            "whiteBalanceTemperature": 4951.0
        },
        "type": 1
    },
    "timestamp": 1000015378365451700
}