{
    "bufferMetadata": {
        "byteSize": 860160,
        "format": 13,
        "height": 640,
        "rowStride": 896,
        "type": 1,
        "width": 832
    },
    "channelIndex": 0,
    "extrinsics": {
        "value": [
            0.9999347426176487,
            -0.0003689257569202054,
            -0.011418160989535738,
            0.0,
            0.0003668739668502641,
            0.999999916178054,
            -0.00018178937826379693,
            0.0,
            0.011418227099227025,
            0.000177588489161995,
            0.9999347941504281,
            0.0,
            0.0,
            0.0,
            0.0,
            1.0
        ]
    },
    "intrinsics": {
        "distortionCoefficients": [
            5.2492451667785645,
            0.204847052693367,
            -0.09155680984258652,
            8.465497970581055,
            -3.7477821024367586e-05,
            -6.70523240842158e-06,
            4.362573146820068,
            -0.5641931295394897
        ],
        "focalLengthX": 0.8780673146247864,
        "focalLengthY": 0.8780673146247864,
        "model": 2,
        "principalPointX": 0.49480119347572327,
        "principalPointY": 0.4892016053199768
    },
    "streamFrame": {
        "channels": 3,
        "dataFlags": 7,
        "frameNumber": 43059,
        "hmdPose": {
            "value": [
                -0.49925256875040214,
                0.1988497071513951,
                0.8433301330786195,
                0.0,
                0.08410711655523175,
                0.9798348453382967,
                -0.18124477767665476,
                0.0,
                -0.8623647211808715,
                -0.019556851896451996,
                -0.5059097391934673,
                0.0,
                0.23586340248584747,
                0.5027291774749756,
                0.6634896993637085,
                1.0
            ]
        },
        "id": 1,
        "metadata": {
            "cameraCalibrationConstant": 0.7799999713897705,
            "ev": 7.196873664855957,
            "exposureTime": 0.009999999776482582,
            "timestamp": 1000015379020993300,
            "wbNormalizationData": {
                "ccm": {
                    "value": [
                        1.8675205707550049,
                        -0.6473410725593567,
                        -0.22017930448055267,
                        -0.5248442888259888,
                        1.8465087413787842,
                        -0.32166409492492676,
                        -0.062377579510211945,
                        -0.6454800367355347,
                        1.7078578472137451
                    ]
                },
                "invCCM": {
                    "value": [
                        0.6411198288367674,
                        0.2352271617115074,
                        0.12365418459210718,
                        0.193152843795107,
                        0.6510263103952112,
                        0.15582289545300368,
                        0.09428614762734636,
                        0.2569038927760153,
                        0.6488252097989301
                    ]
                },
                "whiteBalanceColorGains": [
                    0.9504483300796877,
                    1.0,
                    1.260919649941674
                ]
            },
            "whiteBalanceTemperature": 4964.0
        },
        "type": 1
    },
    "timestamp": 1000015379020993300
}