{
    "bufferMetadata": {
        "byteSize": 860160,
        "format": 13,
        "height": 640,
        "rowStride": 896,
        "type": 1,
        "width": 832
    },
    "channelIndex": 0,
    "extrinsics": {
        "value": [
            0.9999347426176487,
            -0.0003689257569202054,
            -0.011418160989535738,
            0.0,
            0.0003668739668502641,
            0.999999916178054,
            -0.00018178937826379693,
            0.0,
            0.011418227099227025,
            0.000177588489161995,
            0.9999347941504281,
            0.0,
            0.0,
            0.0,
            0.0,
            1.0
        ]
    },
    "intrinsics": {
        "distortionCoefficients": [
            5.2492451667785645,
            0.204847052693367,
            -0.09155680984258652,
            8.465497970581055,
            -3.7477821024367586e-05,
            -6.70523240842158e-06,
            4.362573146820068,
            -0.5641931295394897
        ],
        "focalLengthX": 0.8780673146247864,
        "focalLengthY": 0.8780673146247864,
        "model": 2,
        "principalPointX": 0.49480119347572327,
        "principalPointY": 0.4892016053199768
    },
    "streamFrame": {
        "channels": 3,
        "dataFlags": 7,
        "frameNumber": 43042,
        "hmdPose": {
            "value": [
                0.09883272636927909,
                0.1672672354271487,
                0.9809453567571909,
                0.0,
                -0.03785460957979406,
                0.9856900691071929,
                -0.16426234094954467,
                0.0,
                -0.9943838039331168,
                -0.020898805545339336,
                0.1037502724704118,
                0.0,
                0.23586340248584747,
                0.5027291774749756,
                0.6634896993637085,
                1.0
            ]
        },
        "id": 1,
        "metadata": {
            "cameraCalibrationConstant": 0.7799999713897705,
            "ev": 7.288700580596924,
            "exposureTime": 0.009999999776482582,
            "timestamp": 1000015378831684500,
            "wbNormalizationData": {
                "ccm": {
                    "value": [
                        1.8841066360473633,
                        -0.6563795208930969,
                        -0.22772789001464844,
                        -0.5375334024429321,
                        1.8481776714324951,
                        -0.31064409017562866,
                        -0.06623320281505585,
                        -0.6457768678665161,
                        1.7120156288146973
                    ]
                },
                "invCCM": {
                    "value": [
                        0.6411198288367674,
                        0.2352271617115074,
                        0.12365418459210718,
                        0.193152843795107,
                        0.6510263103952112,
                        0.15582289545300368,
                        0.09428614762734636,
                        0.2569038927760153,
                        0.6488252097989301
                    ]
                },
                "whiteBalanceColorGains": [
                    0.9427590232970965,
                    1.0,
                    1.298394412356817
                ]
            },
            "whiteBalanceTemperature": 4856.0
        },
        "type": 1
    },
    "timestamp": 1000015378831684500
}