{
    "bufferMetadata": {
        "byteSize": 860160,
        "format": 13,
        "height": 640,
        "rowStride": 896,
        "type": 1,
        "width": 832
    },
    "channelIndex": 0,
    "extrinsics": {
        "value": [
            0.9999347426176487,
            -0.0003689257569202054,
            -0.011418160989535738,
            0.0,
            0.0003668739668502641,
            0.999999916178054,
            -0.00018178937826379693,
            0.0,
            0.011418227099227025,
            0.000177588489161995,
            0.9999347941504281,
            0.0,
            0.0,
            0.0,
            0.0,
            1.0
        ]
    },
    "intrinsics": {
        "distortionCoefficients": [
            5.2492451667785645,
            0.204847052693367,
            -0.09155680984258652,
            8.465497970581055,
            -3.7477821024367586e-05,
            -6.70523240842158e-06,
            4.362573146820068,
            -0.5641931295394897
        ],
        "focalLengthX": 0.8780673146247864,
        "focalLengthY": 0.8780673146247864,
        "model": 2,
        "principalPointX": 0.49480119347572327,
        "principalPointY": 0.4892016053199768
    },
    "streamFrame": {
        "channels": 3,
        "dataFlags": 7,
        "frameNumber": 43029,
        "hmdPose": {
            "value": [
                0.4304004535620627,
                0.12215912205015841,
                0.8943336080631243,
                0.0,
                -0.05660881611669836,
                0.9925024518598531,
                -0.1083250896292886,
                0.0,
                -0.9008611966053024,
                -0.004003998659100207,
                0.43408878867940826,
                0.0,
                0.23586340248584747,
                0.5027291774749756,
                0.6634896993637085,
                1.0
            ]
        },
        "id": 1,
        "metadata": {
            "cameraCalibrationConstant": 0.7799999713897705,
            "ev": 7.199477672576904,
            "exposureTime": 0.009999999776482582,
            "timestamp": 1000015378687297600,
            "wbNormalizationData": {
                "ccm": {
                    "value": [
                        1.8534773588180542,
                        -0.6217448115348816,
                        -0.2317335456609726,
                        -0.5497405529022217,
                        1.8560410737991333,
                        -0.306300550699234,
                        -0.06850065290927887,
                        -0.6434385776519775,
                        1.711944341659546
                    ]
                },
                "invCCM": {
                    "value": [
                        0.6411198288367674,
                        0.2352271617115074,
                        0.12365418459210718,
                        0.193152843795107,
                        0.6510263103952112,
                        0.15582289545300368,
                        0.09428614762734636,
                        0.2569038927760153,
                        0.6488252097989301
                    ]
                },
                "whiteBalanceColorGains": [
                    0.9395609979100142,
                    1.0,
                    1.302894978373336
                ]
            },
            "whiteBalanceTemperature": 4831.0
        },
        "type": 1
    },
    "timestamp": 1000015378687297600
}