{
    "bufferMetadata": {
        "byteSize": 860160,
        "format": 13,
        "height": 640,
        "rowStride": 896,
        "type": 1,
        "width": 832
    },
    "channelIndex": 0,
    "extrinsics": {
        "value": [
            0.9999347426176487,
            -0.0003689257569202054,
            -0.011418160989535738,
            0.0,
            0.0003668739668502641,
            0.999999916178054,
            -0.00018178937826379693,
            0.0,
            0.011418227099227025,
            0.000177588489161995,
            0.9999347941504281,
            0.0,
            0.0,
            0.0,
            0.0,
            1.0
        ]
    },
    "intrinsics": {
        "distortionCoefficients": [
            5.2492451667785645,
            0.204847052693367,
            -0.09155680984258652,
            8.465497970581055,
            -3.7477821024367586e-05,
            -6.70523240842158e-06,
            4.362573146820068,
            -0.5641931295394897
        ],
        "focalLengthX": 0.8780673146247864,
        "focalLengthY": 0.8780673146247864,
        "model": 2,
        "principalPointX": 0.49480119347572327,
        "principalPointY": 0.4892016053199768
    },
    "streamFrame": {
        "channels": 3,
        "dataFlags": 7,
        "frameNumber": 43076,
        "hmdPose": {
            "value": [
                -0.8581228138328623,
                0.18930564504433303,
                0.47727205028983244,
                0.0,
                0.16987637001704545,
                0.9818771628523668,
                -0.08401937864056949,
                0.0,
                -0.4845278693154226,
                0.008978297815538688,
                -0.8747297496293156,
                0.0,
                0.23586340248584747,
                0.5027291774749756,
                0.6634896993637085,
                1.0
            ]
        },
        "id": 1,
        "metadata": {
            "cameraCalibrationConstant": 0.7799999713897705,
            "ev": 7.100677013397217,
            "exposureTime": 0.009999999776482582,
            "timestamp": 1000015379209905000,
            "wbNormalizationData": {
                "ccm": {
                    "value": [
                        1.8451602458953857,
                        -0.6267532706260681,
                        -0.218406543135643,
                        -0.5270131826400757,
                        1.850502371788025,
                        -0.3234887719154358,
                        -0.061900846660137177,
                        -0.6464962959289551,
                        1.7083932161331177
                    ]
                },
                "invCCM": {
                    "value": [
                        0.6411198288367674,
                        0.2352271617115074,
                        0.12365418459210718,
                        0.193152843795107,
                        0.6510263103952112,
                        0.15582289545300368,
                        0.09428614762734636,
                        0.2569038927760153,
                        0.6488252097989301
                    ]
                },
                "whiteBalanceColorGains": [
                    0.9510658288988916,
                    1.0,
                    1.2549500640092914
                ]
            },
            "whiteBalanceTemperature": 4978.0
        },
        "type": 1
    },
    "timestamp": 1000015379209905000
}