{
    "bufferMetadata": {
        "byteSize": 860160,
        "format": 13,
        "height": 640,
        "rowStride": 896,
        "type": 1,
        "width": 832
    },
    "channelIndex": 0,
    "extrinsics": {
        "value": [
            0.9999347426176487,
            -0.0003689257569202054,
            -0.011418160989535738,
            0.0,
            0.0003668739668502641,
            0.999999916178054,
            -0.00018178937826379693,
            0.0,
            0.011418227099227025,
            0.000177588489161995,
            0.9999347941504281,
            0.0,
            0.0,
            0.0,
            0.0,
            1.0
        ]
    },
    "intrinsics": {
        "distortionCoefficients": [
            5.2492451667785645,
            0.204847052693367,
            -0.09155680984258652,
            8.465497970581055,
            -3.7477821024367586e-05,
            -6.70523240842158e-06,
            4.362573146820068,
            -0.5641931295394897
        ],
        "focalLengthX": 0.8780673146247864,
        "focalLengthY": 0.8780673146247864,
        "model": 2,
        "principalPointX": 0.49480119347572327,
        "principalPointY": 0.4892016053199768
    },
    "streamFrame": {
        "channels": 3,
        "dataFlags": 7,
        "frameNumber": 43006,
        "hmdPose": {
            "value": [
                0.37795211186012334,
                0.11607591377928828,
                0.9185197834729837,
                0.0,
                -0.126774076946229,
                0.9892528762082192,
                -0.07284971165363588,
                0.0,
                -0.9171044345140771,
                -0.08891079413597383,
                0.38860563039253226,
                0.0,
                0.23586340248584747,
                0.5027291774749756,
                0.6634896993637085,
                1.0
            ]
        },
        "id": 1,
        "metadata": {
            "cameraCalibrationConstant": 0.7799999713897705,
            "ev": 7.083569049835205,
            "exposureTime": 0.009999999776482582,
            "timestamp": 1000015378432113300,
            "wbNormalizationData": {
                "ccm": {
                    "value": [
                        1.878311038017273,
                        -0.6552140116691589,
                        -0.22309717535972595,
                        -0.5299795866012573,
                        1.846592903137207,
                        -0.31661316752433777,
                        -0.06389987468719482,
                        -0.6438313722610474,
                        1.7077347040176392
                    ]
                },
                "invCCM": {
                    "value": [
                        0.6411198288367674,
                        0.2352271617115074,
                        0.12365418459210718,
                        0.193152843795107,
                        0.6510263103952112,
                        0.15582289545300368,
                        0.09428614762734636,
                        0.2569038927760153,
                        0.6488252097989301
                    ]
                },
                "whiteBalanceColorGains": [
                    0.9460881300167207,
                    1.0,
                    1.2754459095379065
                ]
            },
            "whiteBalanceTemperature": 4915.0
        },
        "type": 1
    },
    "timestamp": 1000015378432113300
}