{
    "bufferMetadata": {
        "byteSize": 860160,
        "format": 13,
        "height": 640,
        "rowStride": 896,
        "type": 1,
        "width": 832
    },
    "channelIndex": 0,
    "extrinsics": {
        "value": [
            0.9999347426176487,
            -0.0003689257569202054,
            -0.011418160989535738,
            0.0,
            0.0003668739668502641,
            0.999999916178054,
            -0.00018178937826379693,
            0.0,
            0.011418227099227025,
            0.000177588489161995,
            0.9999347941504281,
            0.0,
            0.0,
            0.0,
            0.0,
            1.0
        ]
    },
    "intrinsics": {
        "distortionCoefficients": [
            5.2492451667785645,
            0.204847052693367,
            -0.09155680984258652,
            8.465497970581055,
            -3.7477821024367586e-05,
            -6.70523240842158e-06,
            4.362573146820068,
            -0.5641931295394897
        ],
        "focalLengthX": 0.8780673146247864,
        "focalLengthY": 0.8780673146247864,
        "model": 2,
        "principalPointX": 0.49480119347572327,
        "principalPointY": 0.4892016053199768
    },
    "streamFrame": {
        "channels": 3,
        "dataFlags": 7,
        "frameNumber": 43096,
        "hmdPose": {
            "value": [
                -0.7628487782691735,
                0.1802225001215907,
                0.6209521851320833,
                0.0,
                0.12744682654142658,
                0.9834392144942186,
                -0.12885890744369013,
                0.0,
                -0.6338920035581025,
                -0.019161473664236227,
                -0.7731841890336355,
                0.0,
                0.23586340248584747,
                0.5027291774749756,
                0.6634896993637085,
                1.0
            ]
        },
        "id": 1,
        "metadata": {
            "cameraCalibrationConstant": 0.7799999713897705,
            "ev": 7.064143180847168,
            "exposureTime": 0.009999999776482582,
            "timestamp": 1000015379432129000,
            "wbNormalizationData": {
                "ccm": {
                    "value": [
                        1.8598411083221436,
                        -0.6401369571685791,
                        -0.21970409154891968,
                        -0.5273754596710205,
                        1.848644495010376,
                        -0.32126882672309875,
                        -0.06248326972126961,
                        -0.6476144790649414,
                        1.710095763206482
                    ]
                },
                "invCCM": {
                    "value": [
                        0.6411198288367674,
                        0.2352271617115074,
                        0.12365418459210718,
                        0.193152843795107,
                        0.6510263103952112,
                        0.15582289545300368,
                        0.09428614762734636,
                        0.2569038927760153,
                        0.6488252097989301
                    ]
                },
                "whiteBalanceColorGains": [
                    0.951131535827634,
                    1.0,
                    1.2676291497657122
                ]
            },
            "whiteBalanceTemperature": 4955.0
        },
        "type": 1
    },
    "timestamp": 1000015379432129000
}