{
    "bufferMetadata": {
        "byteSize": 860160,
        "format": 13,
        "height": 640,
        "rowStride": 896,
        "type": 1,
        "width": 832
    },
    "channelIndex": 0,
    "extrinsics": {
        "value": [
            0.9999347426176487,
            -0.0003689257569202054,
            -0.011418160989535738,
            0.0,
            0.0003668739668502641,
            0.999999916178054,
            -0.00018178937826379693,
            0.0,
            0.011418227099227025,
            0.000177588489161995,
            0.9999347941504281,
            0.0,
            0.0,
            0.0,
            0.0,
            1.0
        ]
    },
    "intrinsics": {
        "distortionCoefficients": [
            5.2492451667785645,
            0.204847052693367,
            -0.09155680984258652,
            8.465497970581055,
            -3.7477821024367586e-05,
            -6.70523240842158e-06,
            4.362573146820068,
            -0.5641931295394897
        ],
        "focalLengthX": 0.8780673146247864,
        "focalLengthY": 0.8780673146247864,
        "model": 2,
        "principalPointX": 0.49480119347572327,
        "principalPointY": 0.4892016053199768
    },
    "streamFrame": {
        "channels": 3,
        "dataFlags": 7,
        "frameNumber": 43150,
        "hmdPose": {
            "value": [
                0.5104620148874113,
                0.10514808189705488,
                0.853447369317577,
                0.0,
                0.016931795744453644,
                0.9910742426762918,
                -0.13223146295733837,
                0.0,
                -0.8597335899071239,
                0.08194953554682348,
                0.5041254089740467,
                0.0,
                0.23586340248584747,
                0.5027291774749756,
                0.6634896993637085,
                1.0
            ]
        },
        "id": 1,
        "metadata": {
            "cameraCalibrationConstant": 0.7799999713897705,
            "ev": 7.09940767288208,
            "exposureTime": 0.009999999776482582,
            "timestamp": 1000015380032138700,
            "wbNormalizationData": {
                "ccm": {
                    "value": [
                        1.845009446144104,
                        -0.6111161112785339,
                        -0.2338942587375641,
                        -0.5510388612747192,
                        1.8574291467666626,
                        -0.30639028549194336,
                        -0.06927759200334549,
                        -0.6460332870483398,
                        1.7153154611587524
                    ]
                },
                "invCCM": {
                    "value": [
                        0.6411198288367674,
                        0.2352271617115074,
                        0.12365418459210718,
                        0.193152843795107,
                        0.6510263103952112,
                        0.15582289545300368,
                        0.09428614762734636,
                        0.2569038927760153,
                        0.6488252097989301
                    ]
                },
                "whiteBalanceColorGains": [
                    0.9377513306650646,
                    1.0,
                    1.3004738946283927
                ]
            },
            "whiteBalanceTemperature": 4826.0
        },
        "type": 1
    },
    "timestamp": 1000015380032138700
}