{
    "bufferMetadata": {
        "byteSize": 860160,
        "format": 13,
        "height": 640,
        "rowStride": 896,
        "type": 1,
        "width": 832
    },
    "channelIndex": 0,
    "extrinsics": {
        "value": [
            0.9999347426176487,
            -0.0003689257569202054,
            -0.011418160989535738,
            0.0,
            0.0003668739668502641,
            0.999999916178054,
            -0.00018178937826379693,
            0.0,
            0.011418227099227025,
            0.000177588489161995,
            0.9999347941504281,
            0.0,
            0.0,
            0.0,
            0.0,
            1.0
        ]
    },
    "intrinsics": {
        "distortionCoefficients": [
            5.2492451667785645,
            0.204847052693367,
            -0.09155680984258652,
            8.465497970581055,
            -3.7477821024367586e-05,
            -6.70523240842158e-06,
            4.362573146820068,
            -0.5641931295394897
        ],
        "focalLengthX": 0.8780673146247864,
        "focalLengthY": 0.8780673146247864,
        "model": 2,
        "principalPointX": 0.49480119347572327,
        "principalPointY": 0.4892016053199768
    },
    "streamFrame": {
        "channels": 3,
        "dataFlags": 7,
        "frameNumber": 43132,
        "hmdPose": {
            "value": [
                0.27043285776658343,
                0.14516666285406368,
                0.9517314365861589,
                0.0,
                0.0014949138107852866,
                0.9885020570817968,
                -0.15120002863971552,
                0.0,
                -0.9627376863004988,
                0.04231221364768187,
                0.26710642445508426,
                0.0,
                0.23586340248584747,
                0.5027291774749756,
                0.6634896993637085,
                1.0
            ]
        },
        "id": 1,
        "metadata": {
            "cameraCalibrationConstant": 0.7799999713897705,
            "ev": 7.040254592895508,
            "exposureTime": 0.009999999776482582,
            "timestamp": 1000015379832137100,
            "wbNormalizationData": {
                "ccm": {
                    "value": [
                        1.857617735862732,
                        -0.6343031525611877,
                        -0.22331467270851135,
                        -0.531173586845398,
                        1.8497684001922607,
                        -0.31859439611434937,
                        -0.06396108120679855,
                        -0.6461342573165894,
                        1.710096001625061
                    ]
                },
                "invCCM": {
                    "value": [
                        0.6411198288367674,
                        0.2352271617115074,
                        0.12365418459210718,
                        0.193152843795107,
                        0.6510263103952112,
                        0.15582289545300368,
                        0.09428614762734636,
                        0.2569038927760153,
                        0.6488252097989301
                    ]
                },
                "whiteBalanceColorGains": [
                    0.9449064693791746,
                    1.0,
                    1.2671691474972744
                ]
            },
            "whiteBalanceTemperature": 4924.0
        },
        "type": 1
    },
    "timestamp": 1000015379832137100
}