{
    "bufferMetadata": {
        "byteSize": 860160,
        "format": 13,
        "height": 640,
        "rowStride": 896,
        "type": 1,
        "width": 832
    },
    "channelIndex": 0,
    "extrinsics": {
        "value": [
            0.9999347426176487,
            -0.0003689257569202054,
            -0.011418160989535738,
            0.0,
            0.0003668739668502641,
            0.999999916178054,
            -0.00018178937826379693,
            0.0,
            0.011418227099227025,
            0.000177588489161995,
            0.9999347941504281,
            0.0,
            0.0,
            0.0,
            0.0,
            1.0
        ]
    },
    "intrinsics": {
        "distortionCoefficients": [
            5.2492451667785645,
            0.204847052693367,
            -0.09155680984258652,
            8.465497970581055,
            -3.7477821024367586e-05,
            -6.70523240842158e-06,
            4.362573146820068,
            -0.5641931295394897
        ],
        "focalLengthX": 0.8780673146247864,
        "focalLengthY": 0.8780673146247864,
        "model": 2,
        "principalPointX": 0.49480119347572327,
        "principalPointY": 0.4892016053199768
    },
    "streamFrame": {
        "channels": 3,
        "dataFlags": 7,
        "frameNumber": 43071,
        "hmdPose": {
            "value": [
                -0.8008633771286724,
                0.20802959671215435,
                0.5615527973840827,
                0.0,
                0.17267120013042073,
                0.9781143865593231,
                -0.11609006644133203,
                0.0,
                -0.5734130396177178,
                0.003991712992076804,
                -0.8192567109709705,
                0.0,
                0.23586340248584747,
                0.5027291774749756,
                0.6634896993637085,
                1.0
            ]
        },
        "id": 1,
        "metadata": {
            "cameraCalibrationConstant": 0.7799999713897705,
            "ev": 7.1192216873168945,
            "exposureTime": 0.009999999776482582,
            "timestamp": 1000015379154349000,
            "wbNormalizationData": {
                "ccm": {
                    "value": [
                        1.8420857191085815,
                        -0.6237847208976746,
                        -0.21830067038536072,
                        -0.5265506505966187,
                        1.8507040739059448,
                        -0.32415300607681274,
                        -0.06178257614374161,
                        -0.6460154056549072,
                        1.707793951034546
                    ]
                },
                "invCCM": {
                    "value": [
                        0.6411198288367674,
                        0.2352271617115074,
                        0.12365418459210718,
                        0.193152843795107,
                        0.6510263103952112,
                        0.15582289545300368,
                        0.09428614762734636,
                        0.2569038927760153,
                        0.6488252097989301
                    ]
                },
                "whiteBalanceColorGains": [
                    0.9512085486044394,
                    1.0,
                    1.2503678925217085
                ]
            },
            "whiteBalanceTemperature": 4987.0
        },
        "type": 1
    },
    "timestamp": 1000015379154349000
}