{
    "bufferMetadata": {
        "byteSize": 860160,
        "format": 13,
        "height": 640,
        "rowStride": 896,
        "type": 1,
        "width": 832
    },
    "channelIndex": 0,
    "extrinsics": {
        "value": [
            0.9999347426176487,
            -0.0003689257569202054,
            -0.011418160989535738,
            0.0,
            0.0003668739668502641,
            0.999999916178054,
            -0.00018178937826379693,
            0.0,
            0.011418227099227025,
            0.000177588489161995,
            0.9999347941504281,
            0.0,
            0.0,
            0.0,
            0.0,
            1.0
        ]
    },
    "intrinsics": {
        "distortionCoefficients": [
            5.2492451667785645,
            0.204847052693367,
            -0.09155680984258652,
            8.465497970581055,
            -3.7477821024367586e-05,
            -6.70523240842158e-06,
            4.362573146820068,
            -0.5641931295394897
        ],
        "focalLengthX": 0.8780673146247864,
        "focalLengthY": 0.8780673146247864,
        "model": 2,
        "principalPointX": 0.49480119347572327,
        "principalPointY": 0.4892016053199768
    },
    "streamFrame": {
        "channels": 3,
        "dataFlags": 7,
        "frameNumber": 43140,
        "hmdPose": {
            "value": [
                0.45015418078092573,
                0.13265825982912666,
                0.883041900928973,
                0.0,
                0.010439870765053073,
                0.9880536859980709,
                -0.1537560492014482,
                0.0,
                -0.8928898150362983,
                0.07843277163748004,
                0.44339156250340717,
                0.0,
                0.23586340248584747,
                0.5027291774749756,
                0.6634896993637085,
                1.0
            ]
        },
        "id": 1,
        "metadata": {
            "cameraCalibrationConstant": 0.7799999713897705,
            "ev": 7.059896469116211,
            "exposureTime": 0.009999999776482582,
            "timestamp": 1000015379921026700,
            "wbNormalizationData": {
                "ccm": {
                    "value": [
                        1.8636280298233032,
                        -0.6360010504722595,
                        -0.22762742638587952,
                        -0.5381598472595215,
                        1.851056456565857,
                        -0.31289634108543396,
                        -0.06610401719808578,
                        -0.6462417840957642,
                        1.7123489379882813
                    ]
                },
                "invCCM": {
                    "value": [
                        0.6411198288367674,
                        0.2352271617115074,
                        0.12365418459210718,
                        0.193152843795107,
                        0.6510263103952112,
                        0.15582289545300368,
                        0.09428614762734636,
                        0.2569038927760153,
                        0.6488252097989301
                    ]
                },
                "whiteBalanceColorGains": [
                    0.942226983388251,
                    1.0,
                    1.2844580923118174
                ]
            },
            "whiteBalanceTemperature": 4879.0
        },
        "type": 1
    },
    "timestamp": 1000015379921026700
}