{
    "bufferMetadata": {
        "byteSize": 860160,
        "format": 13,
        "height": 640,
        "rowStride": 896,
        "type": 1,
        "width": 832
    },
    "channelIndex": 0,
    "extrinsics": {
        "value": [
            0.9999347426176487,
            -0.0003689257569202054,
            -0.011418160989535738,
            0.0,
            0.0003668739668502641,
            0.999999916178054,
            -0.00018178937826379693,
            0.0,
            0.011418227099227025,
            0.000177588489161995,
            0.9999347941504281,
            0.0,
            0.0,
            0.0,
            0.0,
            1.0
        ]
    },
    "intrinsics": {
        "distortionCoefficients": [
            5.2492451667785645,
            0.204847052693367,
            -0.09155680984258652,
            8.465497970581055,
            -3.7477821024367586e-05,
            -6.70523240842158e-06,
            4.362573146820068,
            -0.5641931295394897
        ],
        "focalLengthX": 0.8780673146247864,
        "focalLengthY": 0.8780673146247864,
        "model": 2,
        "principalPointX": 0.49480119347572327,
        "principalPointY": 0.4892016053199768
    },
    "streamFrame": {
        "channels": 3,
        "dataFlags": 7,
        "frameNumber": 42997,
        "hmdPose": {
            "value": [
                0.15398431456840822,
                0.12552106007967956,
                0.9800680275737241,
                0.0,
                -0.10017869248951905,
                0.9887701095739484,
                -0.11089589971061904,
                0.0,
                -0.9829817418278262,
                -0.08110569941755492,
                0.1648296226888153,
                0.0,
                0.23586340248584747,
                0.5027291774749756,
                0.6634896993637085,
                1.0
            ]
        },
        "id": 1,
        "metadata": {
            "cameraCalibrationConstant": 0.7799999713897705,
            "ev": 7.058163642883301,
            "exposureTime": 0.009999999776482582,
            "timestamp": 1000015378332120100,
            "wbNormalizationData": {
                "ccm": {
                    "value": [
                        1.8579261302947998,
                        -0.638355016708374,
                        -0.21957077085971832,
                        -0.5239672660827637,
                        1.847369909286499,
                        -0.3234022855758667,
                        -0.06197647377848625,
                        -0.6434417366981506,
                        1.7054181098937988
                    ]
                },
                "invCCM": {
                    "value": [
                        0.6411198288367674,
                        0.2352271617115074,
                        0.12365418459210718,
                        0.193152843795107,
                        0.6510263103952112,
                        0.15582289545300368,
                        0.09428614762734636,
                        0.2569038927760153,
                        0.6488252097989301
                    ]
                },
                "whiteBalanceColorGains": [
                    0.9489404624730305,
                    1.0,
                    1.2549605075666002
                ]
            },
            "whiteBalanceTemperature": 4967.0
        },
        "type": 1
    },
    "timestamp": 1000015378332120100
}