{
    "bufferMetadata": {
        "byteSize": 860160,
        "format": 13,
        "height": 640,
        "rowStride": 896,
        "type": 1,
        "width": 832
    },
    "channelIndex": 0,
    "extrinsics": {
        "value": [
            0.9999347426176487,
            -0.0003689257569202054,
            -0.011418160989535738,
            0.0,
            0.0003668739668502641,
            0.999999916178054,
            -0.00018178937826379693,
            0.0,
            0.011418227099227025,
            0.000177588489161995,
            0.9999347941504281,
            0.0,
            0.0,
            0.0,
            0.0,
            1.0
        ]
    },
    "intrinsics": {
        "distortionCoefficients": [
            5.2492451667785645,
            0.204847052693367,
            -0.09155680984258652,
            8.465497970581055,
            -3.7477821024367586e-05,
            -6.70523240842158e-06,
            4.362573146820068,
            -0.5641931295394897
        ],
        "focalLengthX": 0.8780673146247864,
        "focalLengthY": 0.8780673146247864,
        "model": 2,
        "principalPointX": 0.49480119347572327,
        "principalPointY": 0.4892016053199768
    },
    "streamFrame": {
        "channels": 3,
        "dataFlags": 7,
        "frameNumber": 43089,
        "hmdPose": {
            "value": [
                -0.8497808673093084,
                0.145303931799835,
                0.5067141192138009,
                0.0,
                0.12708026472001668,
                0.9893772578990497,
                -0.07059212140660781,
                0.0,
                -0.511588738662023,
                0.004405529423766319,
                -0.8592191264167028,
                0.0,
                0.23586340248584747,
                0.5027291774749756,
                0.6634896993637085,
                1.0
            ]
        },
        "id": 1,
        "metadata": {
            "cameraCalibrationConstant": 0.7799999713897705,
            "ev": 7.072706699371338,
            "exposureTime": 0.009999999776482582,
            "timestamp": 1000015379354350600,
            "wbNormalizationData": {
                "ccm": {
                    "value": [
                        1.8594616651535034,
                        -0.6387089490890503,
                        -0.22075283527374268,
                        -0.5281756520271301,
                        1.848891258239746,
                        -0.3207153081893921,
                        -0.06290476024150848,
                        -0.6485108137130737,
                        1.7114136219024658
                    ]
                },
                "invCCM": {
                    "value": [
                        0.6411198288367674,
                        0.2352271617115074,
                        0.12365418459210718,
                        0.193152843795107,
                        0.6510263103952112,
                        0.15582289545300368,
                        0.09428614762734636,
                        0.2569038927760153,
                        0.6488252097989301
                    ]
                },
                "whiteBalanceColorGains": [
                    0.9498652808445814,
                    1.0,
                    1.2702319028331428
                ]
            },
            "whiteBalanceTemperature": 4944.0
        },
        "type": 1
    },
    "timestamp": 1000015379354350600
}