{
    "bufferMetadata": {
        "byteSize": 860160,
        "format": 13,
        "height": 640,
        "rowStride": 896,
        "type": 1,
        "width": 832
    },
    "channelIndex": 0,
    "extrinsics": {
        "value": [
            0.9999347426176487,
            -0.0003689257569202054,
            -0.011418160989535738,
            0.0,
            0.0003668739668502641,
            0.999999916178054,
            -0.00018178937826379693,
            0.0,
            0.011418227099227025,
            0.000177588489161995,
            0.9999347941504281,
            0.0,
            0.0,
            0.0,
            0.0,
            1.0
        ]
    },
    "intrinsics": {
        "distortionCoefficients": [
            5.2492451667785645,
            0.204847052693367,
            -0.09155680984258652,
            8.465497970581055,
            -3.7477821024367586e-05,
            -6.70523240842158e-06,
            4.362573146820068,
            -0.5641931295394897
        ],
        "focalLengthX": 0.8780673146247864,
        "focalLengthY": 0.8780673146247864,
        "model": 2,
        "principalPointX": 0.49480119347572327,
        "principalPointY": 0.4892016053199768
    },
    "streamFrame": {
        "channels": 3,
        "dataFlags": 7,
        "frameNumber": 42992,
        "hmdPose": {
            "value": [
                -0.009272185105193786,
                0.14974363220621334,
                0.9886813915310366,
                0.0,
                -0.056851883211624474,
                0.9870456641944123,
                -0.1500290653922418,
                0.0,
                -0.9983395778598325,
                -0.05759949392892328,
                -0.0006388628592566281,
                0.0,
                0.23586340248584747,
                0.5027291774749756,
                0.6634896993637085,
                1.0
            ]
        },
        "id": 1,
        "metadata": {
            "cameraCalibrationConstant": 0.7799999713897705,
            "ev": 7.059208393096924,
            "exposureTime": 0.009999999776482582,
            "timestamp": 1000015378276565300,
            "wbNormalizationData": {
                "ccm": {
                    "value": [
                        1.837083101272583,
                        -0.6182261109352112,
                        -0.21885651350021362,
                        -0.5246323347091675,
                        1.850314736366272,
                        -0.32568204402923584,
                        -0.061631940305233,
                        -0.64227294921875,
                        1.7039028406143188
                    ]
                },
                "invCCM": {
                    "value": [
                        0.6411198288367674,
                        0.2352271617115074,
                        0.12365418459210718,
                        0.193152843795107,
                        0.6510263103952112,
                        0.15582289545300368,
                        0.09428614762734636,
                        0.2569038927760153,
                        0.6488252097989301
                    ]
                },
                "whiteBalanceColorGains": [
                    0.9495976647704321,
                    1.0,
                    1.2470456269303885
                ]
            },
            "whiteBalanceTemperature": 4987.0
        },
        "type": 1
    },
    "timestamp": 1000015378276565300
}