{
    "bufferMetadata": {
        "byteSize": 860160,
        "format": 13,
        "height": 640,
        "rowStride": 896,
        "type": 1,
        "width": 832
    },
    "channelIndex": 0,
    "extrinsics": {
        "value": [
            0.9999347426176487,
            -0.0003689257569202054,
            -0.011418160989535738,
            0.0,
            0.0003668739668502641,
            0.999999916178054,
            -0.00018178937826379693,
            0.0,
            0.011418227099227025,
            0.000177588489161995,
            0.9999347941504281,
            0.0,
            0.0,
            0.0,
            0.0,
            1.0
        ]
    },
    "intrinsics": {
        "distortionCoefficients": [
            5.2492451667785645,
            0.204847052693367,
            -0.09155680984258652,
            8.465497970581055,
            -3.7477821024367586e-05,
            -6.70523240842158e-06,
            4.362573146820068,
            -0.5641931295394897
        ],
        "focalLengthX": 0.8780673146247864,
        "focalLengthY": 0.8780673146247864,
        "model": 2,
        "principalPointX": 0.49480119347572327,
        "principalPointY": 0.4892016053199768
    },
    "streamFrame": {
        "channels": 3,
        "dataFlags": 7,
        "frameNumber": 43038,
        "hmdPose": {
            "value": [
                0.22753999904144795,
                0.15371220171272784,
                0.9615602545546518,
                0.0,
                -0.04808513462722273,
                0.9880316170603161,
                -0.1465651519068219,
                0.0,
                -0.9725807852936756,
                -0.012887318193230787,
                0.23220798494771921,
                0.0,
                0.23586340248584747,
                0.5027291774749756,
                0.6634896993637085,
                1.0
            ]
        },
        "id": 1,
        "metadata": {
            "cameraCalibrationConstant": 0.7799999713897705,
            "ev": 7.273031711578369,
            "exposureTime": 0.009999999776482582,
            "timestamp": 1000015378786437900,
            "wbNormalizationData": {
                "ccm": {
                    "value": [
                        1.8671982288360596,
                        -0.6375182867050171,
                        -0.2296808660030365,
                        -0.5440218448638916,
                        1.8524563312530518,
                        -0.308434396982193,
                        -0.06737677752971649,
                        -0.6443991661071777,
                        1.7117811441421509
                    ]
                },
                "invCCM": {
                    "value": [
                        0.6411198288367674,
                        0.2352271617115074,
                        0.12365418459210718,
                        0.193152843795107,
                        0.6510263103952112,
                        0.15582289545300368,
                        0.09428614762734636,
                        0.2569038927760153,
                        0.6488252097989301
                    ]
                },
                "whiteBalanceColorGains": [
                    0.941409105038378,
                    1.0,
                    1.2995354317111574
                ]
            },
            "whiteBalanceTemperature": 4847.0
        },
        "type": 1
    },
    "timestamp": 1000015378786437900
}