{
    "bufferMetadata": {
        "byteSize": 860160,
        "format": 13,
        "height": 640,
        "rowStride": 896,
        "type": 1,
        "width": 832
    },
    "channelIndex": 0,
    "extrinsics": {
        "value": [
            0.9999347426176487,
            -0.0003689257569202054,
            -0.011418160989535738,
            0.0,
            0.0003668739668502641,
            0.999999916178054,
            -0.00018178937826379693,
            0.0,
            0.011418227099227025,
            0.000177588489161995,
            0.9999347941504281,
            0.0,
            0.0,
            0.0,
            0.0,
            1.0
        ]
    },
    "intrinsics": {
        "distortionCoefficients": [
            5.2492451667785645,
            0.204847052693367,
            -0.09155680984258652,
            8.465497970581055,
            -3.7477821024367586e-05,
            -6.70523240842158e-06,
            4.362573146820068,
            -0.5641931295394897
        ],
        "focalLengthX": 0.8780673146247864,
        "focalLengthY": 0.8780673146247864,
        "model": 2,
        "principalPointX": 0.49480119347572327,
        "principalPointY": 0.4892016053199768
    },
    "streamFrame": {
        "channels": 3,
        "dataFlags": 7,
        "frameNumber": 43094,
        "hmdPose": {
            "value": [
                -0.793034536855731,
                0.1719495788547214,
                0.5844053019059317,
                0.0,
                0.13096848275931516,
                0.9850281889270407,
                -0.11210139816006434,
                0.0,
                -0.59493148436421,
                -0.012361604968702679,
                -0.8036813490387,
                0.0,
                0.23586340248584747,
                0.5027291774749756,
                0.6634896993637085,
                1.0
            ]
        },
        "id": 1,
        "metadata": {
            "cameraCalibrationConstant": 0.7799999713897705,
            "ev": 7.065192222595215,
            "exposureTime": 0.009999999776482582,
            "timestamp": 1000015379409906700,
            "wbNormalizationData": {
                "ccm": {
                    "value": [
                        1.8615411520004272,
                        -0.6417535543441772,
                        -0.2197876274585724,
                        -0.5271159410476685,
                        1.8483320474624634,
                        -0.3212158679962158,
                        -0.06249997019767761,
                        -0.6479092836380005,
                        1.7104072570800781
                    ]
                },
                "invCCM": {
                    "value": [
                        0.6411198288367674,
                        0.2352271617115074,
                        0.12365418459210718,
                        0.193152843795107,
                        0.6510263103952112,
                        0.15582289545300368,
                        0.09428614762734636,
                        0.2569038927760153,
                        0.6488252097989301
                    ]
                },
                "whiteBalanceColorGains": [
                    0.9510817235911683,
                    1.0,
                    1.2686912352566724
                ]
            },
            "whiteBalanceTemperature": 4953.0
        },
        "type": 1
    },
    "timestamp": 1000015379409906700
}