{
    "bufferMetadata": {
        "byteSize": 860160,
        "format": 13,
        "height": 640,
        "rowStride": 896,
        "type": 1,
        "width": 832
    },
    "channelIndex": 0,
    "extrinsics": {
        "value": [
            0.9999347426176487,
            -0.0003689257569202054,
            -0.011418160989535738,
            0.0,
            0.0003668739668502641,
            0.999999916178054,
            -0.00018178937826379693,
            0.0,
            0.011418227099227025,
            0.000177588489161995,
            0.9999347941504281,
            0.0,
            0.0,
            0.0,
            0.0,
            1.0
        ]
    },
    "intrinsics": {
        "distortionCoefficients": [
            5.2492451667785645,
            0.204847052693367,
            -0.09155680984258652,
            8.465497970581055,
            -3.7477821024367586e-05,
            -6.70523240842158e-06,
            4.362573146820068,
            -0.5641931295394897
        ],
        "focalLengthX": 0.8780673146247864,
        "focalLengthY": 0.8780673146247864,
        "model": 2,
        "principalPointX": 0.49480119347572327,
        "principalPointY": 0.4892016053199768
    },
    "streamFrame": {
        "channels": 3,
        "dataFlags": 7,
        "frameNumber": 43080,
        "hmdPose": {
            "value": [
                -0.8802689326415292,
                0.15110318472526027,
                0.44977157354367403,
                0.0,
                0.13937309274532841,
                0.9884624295387334,
                -0.05930570479430151,
                0.0,
                -0.4535435831545529,
                0.010481086223794935,
                -0.8911724859909711,
                0.0,
                0.23586340248584747,
                0.5027291774749756,
                0.6634896993637085,
                1.0
            ]
        },
        "id": 1,
        "metadata": {
            "cameraCalibrationConstant": 0.7799999713897705,
            "ev": 7.091492176055908,
            "exposureTime": 0.009999999776482582,
            "timestamp": 1000015379254349800,
            "wbNormalizationData": {
                "ccm": {
                    "value": [
                        1.8558541536331177,
                        -0.6374852657318115,
                        -0.21836861968040466,
                        -0.5259770154953003,
                        1.8487991094589233,
                        -0.32282161712646484,
                        -0.061882149428129196,
                        -0.6473710536956787,
                        1.7092502117156982
                    ]
                },
                "invCCM": {
                    "value": [
                        0.6411198288367674,
                        0.2352271617115074,
                        0.12365418459210718,
                        0.193152843795107,
                        0.6510263103952112,
                        0.15582289545300368,
                        0.09428614762734636,
                        0.2569038927760153,
                        0.6488252097989301
                    ]
                },
                "whiteBalanceColorGains": [
                    0.9508780853160577,
                    1.0,
                    1.2614205763823565
                ]
            },
            "whiteBalanceTemperature": 4965.0
        },
        "type": 1
    },
    "timestamp": 1000015379254349800
}