{
    "bufferMetadata": {
        "byteSize": 860160,
        "format": 13,
        "height": 640,
        "rowStride": 896,
        "type": 1,
        "width": 832
    },
    "channelIndex": 0,
    "extrinsics": {
        "value": [
            0.9999347426176487,
            -0.0003689257569202054,
            -0.011418160989535738,
            0.0,
            0.0003668739668502641,
            0.999999916178054,
            -0.00018178937826379693,
            0.0,
            0.011418227099227025,
            0.000177588489161995,
            0.9999347941504281,
            0.0,
            0.0,
            0.0,
            0.0,
            1.0
        ]
    },
    "intrinsics": {
        "distortionCoefficients": [
            5.2492451667785645,
            0.204847052693367,
            -0.09155680984258652,
            8.465497970581055,
            -3.7477821024367586e-05,
            -6.70523240842158e-06,
            4.362573146820068,
            -0.5641931295394897
        ],
        "focalLengthX": 0.8780673146247864,
        "focalLengthY": 0.8780673146247864,
        "model": 2,
        "principalPointX": 0.49480119347572327,
        "principalPointY": 0.4892016053199768
    },
    "streamFrame": {
        "channels": 3,
        "dataFlags": 7,
        "frameNumber": 43058,
        "hmdPose": {
            "value": [
                -0.46578802906769257,
                0.1998235455726598,
                0.862039450986102,
                0.0,
                0.07601036662111536,
                0.9796043670990818,
                -0.18600458990256444,
                0.0,
                -0.8816257077625247,
                -0.02111477997680053,
                -0.47147664813711976,
                0.0,
                0.23586340248584747,
                0.5027291774749756,
                0.6634896993637085,
                1.0
            ]
        },
        "id": 1,
        "metadata": {
            "cameraCalibrationConstant": 0.7799999713897705,
            "ev": 7.2055344581604,
            "exposureTime": 0.009999999776482582,
            "timestamp": 1000015379009875000,
            "wbNormalizationData": {
                "ccm": {
                    "value": [
                        1.8711024522781372,
                        -0.6506689190864563,
                        -0.22043342888355255,
                        -0.524681031703949,
                        1.8459632396697998,
                        -0.321281760931015,
                        -0.06247127801179886,
                        -0.6456650495529175,
                        1.7081369161605835
                    ]
                },
                "invCCM": {
                    "value": [
                        0.6411198288367674,
                        0.2352271617115074,
                        0.12365418459210718,
                        0.193152843795107,
                        0.6510263103952112,
                        0.15582289545300368,
                        0.09428614762734636,
                        0.2569038927760153,
                        0.6488252097989301
                    ]
                },
                "whiteBalanceColorGains": [
                    0.9503777017817884,
                    1.0,
                    1.262145067811475
                ]
            },
            "whiteBalanceTemperature": 4961.0
        },
        "type": 1
    },
    "timestamp": 1000015379009875000
}