{
    "bufferMetadata": {
        "byteSize": 860160,
        "format": 13,
        "height": 640,
        "rowStride": 896,
        "type": 1,
        "width": 832
    },
    "channelIndex": 0,
    "extrinsics": {
        "value": [
            0.9999347426176487,
            -0.0003689257569202054,
            -0.011418160989535738,
            0.0,
            0.0003668739668502641,
            0.999999916178054,
            -0.00018178937826379693,
            0.0,
            0.011418227099227025,
            0.000177588489161995,
            0.9999347941504281,
            0.0,
            0.0,
            0.0,
            0.0,
            1.0
        ]
    },
    "intrinsics": {
        "distortionCoefficients": [
            5.2492451667785645,
            0.204847052693367,
            -0.09155680984258652,
            8.465497970581055,
            -3.7477821024367586e-05,
            -6.70523240842158e-06,
            4.362573146820068,
            -0.5641931295394897
        ],
        "focalLengthX": 0.8780673146247864,
        "focalLengthY": 0.8780673146247864,
        "model": 2,
        "principalPointX": 0.49480119347572327,
        "principalPointY": 0.4892016053199768
    },
    "streamFrame": {
        "channels": 3,
        "dataFlags": 7,
        "frameNumber": 43030,
        "hmdPose": {
            "value": [
                0.4138116094960509,
                0.12528305009944207,
                0.9017006830912854,
                0.0,
                -0.05575466646807424,
                0.9921136841907457,
                -0.11225798403291128,
                0.0,
                -0.9086536093014453,
                -0.0038203625325681917,
                0.41753327500484716,
                0.0,
                0.23586340248584747,
                0.5027291774749756,
                0.6634896993637085,
                1.0
            ]
        },
        "id": 1,
        "metadata": {
            "cameraCalibrationConstant": 0.7799999713897705,
            "ev": 7.20709753036499,
            "exposureTime": 0.009999999776482582,
            "timestamp": 1000015378698157200,
            "wbNormalizationData": {
                "ccm": {
                    "value": [
                        1.8521987199783325,
                        -0.6205472350120544,
                        -0.23165245354175568,
                        -0.5498500466346741,
                        1.856253743171692,
                        -0.30640363693237305,
                        -0.0684756338596344,
                        -0.6433631181716919,
                        1.711843729019165
                    ]
                },
                "invCCM": {
                    "value": [
                        0.6411198288367674,
                        0.2352271617115074,
                        0.12365418459210718,
                        0.193152843795107,
                        0.6510263103952112,
                        0.15582289545300368,
                        0.09428614762734636,
                        0.2569038927760153,
                        0.6488252097989301
                    ]
                },
                "whiteBalanceColorGains": [
                    0.9397317827207536,
                    1.0,
                    1.3025748711981504
                ]
            },
            "whiteBalanceTemperature": 4833.0
        },
        "type": 1
    },
    "timestamp": 1000015378698157200
}