{
    "bufferMetadata": {
        "byteSize": 860160,
        "format": 13,
        "height": 640,
        "rowStride": 896,
        "type": 1,
        "width": 832
    },
    "channelIndex": 0,
    "extrinsics": {
        "value": [
            0.9999347426176487,
            -0.0003689257569202054,
            -0.011418160989535738,
            0.0,
            0.0003668739668502641,
            0.999999916178054,
            -0.00018178937826379693,
            0.0,
            0.011418227099227025,
            0.000177588489161995,
            0.9999347941504281,
            0.0,
            0.0,
            0.0,
            0.0,
            1.0
        ]
    },
    "intrinsics": {
        "distortionCoefficients": [
            5.2492451667785645,
            0.204847052693367,
            -0.09155680984258652,
            8.465497970581055,
            -3.7477821024367586e-05,
            -6.70523240842158e-06,
            4.362573146820068,
            -0.5641931295394897
        ],
        "focalLengthX": 0.8780673146247864,
        "focalLengthY": 0.8780673146247864,
        "model": 2,
        "principalPointX": 0.49480119347572327,
        "principalPointY": 0.4892016053199768
    },
    "streamFrame": {
        "channels": 3,
        "dataFlags": 7,
        "frameNumber": 43141,
        "hmdPose": {
            "value": [
                0.4665388366370967,
                0.1311189353951958,
                0.8747281549422158,
                0.0,
                0.011082061428740353,
                0.988007178972292,
                -0.15400974760270492,
                0.0,
                -0.8844312908204187,
                0.08154532005571945,
                0.459490651740844,
                0.0,
                0.23586340248584747,
                0.5027291774749756,
                0.6634896993637085,
                1.0
            ]
        },
        "id": 1,
        "metadata": {
            "cameraCalibrationConstant": 0.7799999713897705,
            "ev": 7.0637030601501465,
            "exposureTime": 0.009999999776482582,
            "timestamp": 1000015379932138000,
            "wbNormalizationData": {
                "ccm": {
                    "value": [
                        1.862749457359314,
                        -0.6345058083534241,
                        -0.2282441258430481,
                        -0.5393059849739075,
                        1.8515191078186035,
                        -0.3122129440307617,
                        -0.06641220301389694,
                        -0.6462826132774353,
                        1.7126981019973755
                    ]
                },
                "invCCM": {
                    "value": [
                        0.6411198288367674,
                        0.2352271617115074,
                        0.12365418459210718,
                        0.193152843795107,
                        0.6510263103952112,
                        0.15582289545300368,
                        0.09428614762734636,
                        0.2569038927760153,
                        0.6488252097989301
                    ]
                },
                "whiteBalanceColorGains": [
                    0.9419882304791565,
                    1.0,
                    1.2862224463134364
                ]
            },
            "whiteBalanceTemperature": 4874.0
        },
        "type": 1
    },
    "timestamp": 1000015379932138000
}