{
    "bufferMetadata": {
        "byteSize": 860160,
        "format": 13,
        "height": 640,
        "rowStride": 896,
        "type": 1,
        "width": 832
    },
    "channelIndex": 0,
    "extrinsics": {
        "value": [
            0.9999347426176487,
            -0.0003689257569202054,
            -0.011418160989535738,
            0.0,
            0.0003668739668502641,
            0.999999916178054,
            -0.00018178937826379693,
            0.0,
            0.011418227099227025,
            0.000177588489161995,
            0.9999347941504281,
            0.0,
            0.0,
            0.0,
            0.0,
            1.0
        ]
    },
    "intrinsics": {
        "distortionCoefficients": [
            5.2492451667785645,
            0.204847052693367,
            -0.09155680984258652,
            8.465497970581055,
            -3.7477821024367586e-05,
            -6.70523240842158e-06,
            4.362573146820068,
            -0.5641931295394897
        ],
        "focalLengthX": 0.8780673146247864,
        "focalLengthY": 0.8780673146247864,
        "model": 2,
        "principalPointX": 0.49480119347572327,
        "principalPointY": 0.4892016053199768
    },
    "streamFrame": {
        "channels": 3,
        "dataFlags": 7,
        "frameNumber": 43035,
        "hmdPose": {
            "value": [
                0.3106657406252611,
                0.14521728604676487,
                0.9393608127269296,
                0.0,
                -0.05328215137479541,
                0.9893673642447035,
                -0.135326386553915,
                0.0,
                -0.9490246619549246,
                -0.00800989301291273,
                0.315100034391284,
                0.0,
                0.23586340248584747,
                0.5027291774749756,
                0.6634896993637085,
                1.0
            ]
        },
        "id": 1,
        "metadata": {
            "cameraCalibrationConstant": 0.7799999713897705,
            "ev": 7.250717639923096,
            "exposureTime": 0.009999999776482582,
            "timestamp": 1000015378752621800,
            "wbNormalizationData": {
                "ccm": {
                    "value": [
                        1.8574110269546509,
                        -0.6267794966697693,
                        -0.23063251376152039,
                        -0.5475752949714661,
                        1.8548752069473267,
                        -0.30730003118515015,
                        -0.06795959174633026,
                        -0.643480122089386,
                        1.711444616317749
                    ]
                },
                "invCCM": {
                    "value": [
                        0.6411198288367674,
                        0.2352271617115074,
                        0.12365418459210718,
                        0.193152843795107,
                        0.6510263103952112,
                        0.15582289545300368,
                        0.09428614762734636,
                        0.2569038927760153,
                        0.6488252097989301
                    ]
                },
                "whiteBalanceColorGains": [
                    0.940540150857256,
                    1.0,
                    1.3005652150364881
                ]
            },
            "whiteBalanceTemperature": 4841.0
        },
        "type": 1
    },
    "timestamp": 1000015378752621800
}