{
    "bufferMetadata": {
        "byteSize": 860160,
        "format": 13,
        "height": 640,
        "rowStride": 896,
        "type": 1,
        "width": 832
    },
    "channelIndex": 0,
    "extrinsics": {
        "value": [
            0.9999347426176487,
            -0.0003689257569202054,
            -0.011418160989535738,
            0.0,
            0.0003668739668502641,
            0.999999916178054,
            -0.00018178937826379693,
            0.0,
            0.011418227099227025,
            0.000177588489161995,
            0.9999347941504281,
            0.0,
            0.0,
            0.0,
            0.0,
            1.0
        ]
    },
    "intrinsics": {
        "distortionCoefficients": [
            5.2492451667785645,
            0.204847052693367,
            -0.09155680984258652,
            8.465497970581055,
            -3.7477821024367586e-05,
            -6.70523240842158e-06,
            4.362573146820068,
            -0.5641931295394897
        ],
        "focalLengthX": 0.8780673146247864,
        "focalLengthY": 0.8780673146247864,
        "model": 2,
        "principalPointX": 0.49480119347572327,
        "principalPointY": 0.4892016053199768
    },
    "streamFrame": {
        "channels": 3,
        "dataFlags": 7,
        "frameNumber": 43046,
        "hmdPose": {
            "value": [
                -0.04017591963078049,
                0.18194025745141676,
                0.9824884984913408,
                0.0,
                -0.020079642436386852,
                0.982936795393236,
                -0.18284437210320761,
                0.0,
                -0.9989908482608257,
                -0.0270739573890037,
                -0.03583709449742045,
                0.0,
                0.23586340248584747,
                0.5027291774749756,
                0.6634896993637085,
                1.0
            ]
        },
        "id": 1,
        "metadata": {
            "cameraCalibrationConstant": 0.7799999713897705,
            "ev": 7.289106369018555,
            "exposureTime": 0.009999999776482582,
            "timestamp": 1000015378876415000,
            "wbNormalizationData": {
                "ccm": {
                    "value": [
                        1.8893076181411743,
                        -0.6634882092475891,
                        -0.22581999003887177,
                        -0.5333770513534546,
                        1.8462175130844116,
                        -0.3128402531147003,
                        -0.06524085253477097,
                        -0.6460562348365784,
                        1.7113022804260254
                    ]
                },
                "invCCM": {
                    "value": [
                        0.6411198288367674,
                        0.2352271617115074,
                        0.12365418459210718,
                        0.193152843795107,
                        0.6510263103952112,
                        0.15582289545300368,
                        0.09428614762734636,
                        0.2569038927760153,
                        0.6488252097989301
                    ]
                },
                "whiteBalanceColorGains": [
                    0.9449582767652984,
                    1.0,
                    1.2928652773820966
                ]
            },
            "whiteBalanceTemperature": 4878.0
        },
        "type": 1
    },
    "timestamp": 1000015378876415000
}