{
    "bufferMetadata": {
        "byteSize": 860160,
        "format": 13,
        "height": 640,
        "rowStride": 896,
        "type": 1,
        "width": 832
    },
    "channelIndex": 0,
    "extrinsics": {
        "value": [
            0.9999347426176487,
            -0.0003689257569202054,
            -0.011418160989535738,
            0.0,
            0.0003668739668502641,
            0.999999916178054,
            -0.00018178937826379693,
            0.0,
            0.011418227099227025,
            0.000177588489161995,
            0.9999347941504281,
            0.0,
            0.0,
            0.0,
            0.0,
            1.0
        ]
    },
    "intrinsics": {
        "distortionCoefficients": [
            5.2492451667785645,
            0.204847052693367,
            -0.09155680984258652,
            8.465497970581055,
            -3.7477821024367586e-05,
            -6.70523240842158e-06,
            4.362573146820068,
            -0.5641931295394897
        ],
        "focalLengthX": 0.8780673146247864,
        "focalLengthY": 0.8780673146247864,
        "model": 2,
        "principalPointX": 0.49480119347572327,
        "principalPointY": 0.4892016053199768
    },
    "streamFrame": {
        "channels": 3,
        "dataFlags": 7,
        "frameNumber": 43009,
        "hmdPose": {
            "value": [
                0.42897411503513916,
                0.11051671092060568,
                0.8965306901188427,
                0.0,
                -0.11871301497670651,
                0.9907769094220972,
                -0.06533250372157767,
                0.0,
                -0.8954822397975392,
                -0.0784039066289492,
                0.4381374196645814,
                0.0,
                0.23586340248584747,
                0.5027291774749756,
                0.6634896993637085,
                1.0
            ]
        },
        "id": 1,
        "metadata": {
            "cameraCalibrationConstant": 0.7799999713897705,
            "ev": 7.097044944763184,
            "exposureTime": 0.009999999776482582,
            "timestamp": 1000015378465440800,
            "wbNormalizationData": {
                "ccm": {
                    "value": [
                        1.8793110847473145,
                        -0.6548415422439575,
                        -0.2244698852300644,
                        -0.5329883694648743,
                        1.8474140167236328,
                        -0.31442558765411377,
                        -0.06465829908847809,
                        -0.6437274217605591,
                        1.7083899974822998
                    ]
                },
                "invCCM": {
                    "value": [
                        0.6411198288367674,
                        0.2352271617115074,
                        0.12365418459210718,
                        0.193152843795107,
                        0.6510263103952112,
                        0.15582289545300368,
                        0.09428614762734636,
                        0.2569038927760153,
                        0.6488252097989301
                    ]
                },
                "whiteBalanceColorGains": [
                    0.9454133704023272,
                    1.0,
                    1.281125747473327
                ]
            },
            "whiteBalanceTemperature": 4901.0
        },
        "type": 1
    },
    "timestamp": 1000015378465440800
}