{
    "bufferMetadata": {
        "byteSize": 860160,
        "format": 13,
        "height": 640,
        "rowStride": 896,
        "type": 1,
        "width": 832
    },
    "channelIndex": 0,
    "extrinsics": {
        "value": [
            0.9999347426176487,
            -0.0003689257569202054,
            -0.011418160989535738,
            0.0,
            0.0003668739668502641,
            0.999999916178054,
            -0.00018178937826379693,
            0.0,
            0.011418227099227025,
            0.000177588489161995,
            0.9999347941504281,
            0.0,
            0.0,
            0.0,
            0.0,
            1.0
        ]
    },
    "intrinsics": {
        "distortionCoefficients": [
            5.2492451667785645,
            0.204847052693367,
            -0.09155680984258652,
            8.465497970581055,
            -3.7477821024367586e-05,
            -6.70523240842158e-06,
            4.362573146820068,
            -0.5641931295394897
        ],
        "focalLengthX": 0.8780673146247864,
        "focalLengthY": 0.8780673146247864,
        "model": 2,
        "principalPointX": 0.49480119347572327,
        "principalPointY": 0.4892016053199768
    },
    "streamFrame": {
        "channels": 3,
        "dataFlags": 7,
        "frameNumber": 43154,
        "hmdPose": {
            "value": [
                0.47781387195797054,
                0.0920143570647283,
                0.8736287878585522,
                0.0,
                0.017977300648455187,
                0.9932666289035664,
                -0.11444745751112656,
                0.0,
                -0.8782771302627854,
                0.07039007006198211,
                0.47294240408726707,
                0.0,
                0.23586340248584747,
                0.5027291774749756,
                0.6634896993637085,
                1.0
            ]
        },
        "id": 1,
        "metadata": {
            "cameraCalibrationConstant": 0.7799999713897705,
            "ev": 7.123193264007568,
            "exposureTime": 0.009999999776482582,
            "timestamp": 1000015380076583500,
            "wbNormalizationData": {
                "ccm": {
                    "value": [
                        1.837396502494812,
                        -0.6013116836547852,
                        -0.23608577251434326,
                        -0.555233359336853,
                        1.8596961498260498,
                        -0.30446285009384155,
                        -0.07034973800182343,
                        -0.6462966203689575,
                        1.7166513204574585
                    ]
                },
                "invCCM": {
                    "value": [
                        0.6411198288367674,
                        0.2352271617115074,
                        0.12365418459210718,
                        0.193152843795107,
                        0.6510263103952112,
                        0.15582289545300368,
                        0.09428614762734636,
                        0.2569038927760153,
                        0.6488252097989301
                    ]
                },
                "whiteBalanceColorGains": [
                    0.9363731477861886,
                    1.0,
                    1.304146019389557
                ]
            },
            "whiteBalanceTemperature": 4813.0
        },
        "type": 1
    },
    "timestamp": 1000015380076583500
}