{
    "bufferMetadata": {
        "byteSize": 860160,
        "format": 13,
        "height": 640,
        "rowStride": 896,
        "type": 1,
        "width": 832
    },
    "channelIndex": 0,
    "extrinsics": {
        "value": [
            0.9999347426176487,
            -0.0003689257569202054,
            -0.011418160989535738,
            0.0,
            0.0003668739668502641,
            0.999999916178054,
            -0.00018178937826379693,
            0.0,
            0.011418227099227025,
            0.000177588489161995,
            0.9999347941504281,
            0.0,
            0.0,
            0.0,
            0.0,
            1.0
        ]
    },
    "intrinsics": {
        "distortionCoefficients": [
            5.2492451667785645,
            0.204847052693367,
            -0.09155680984258652,
            8.465497970581055,
            -3.7477821024367586e-05,
            -6.70523240842158e-06,
            4.362573146820068,
            -0.5641931295394897
        ],
        "focalLengthX": 0.8780673146247864,
        "focalLengthY": 0.8780673146247864,
        "model": 2,
        "principalPointX": 0.49480119347572327,
        "principalPointY": 0.4892016053199768
    },
    "streamFrame": {
        "channels": 3,
        "dataFlags": 7,
        "frameNumber": 43153,
        "hmdPose": {
            "value": [
                0.48917879707271406,
                0.09487083900364589,
                0.8670084423211074,
                0.0,
                0.018051584918224325,
                0.9927522913354647,
                -0.11881510207586886,
                0.0,
                -0.8719967060896897,
                0.0737727056986749,
                0.48392080263937476,
                0.0,
                0.23586340248584747,
                0.5027291774749756,
                0.6634896993637085,
                1.0
            ]
        },
        "id": 1,
        "metadata": {
            "cameraCalibrationConstant": 0.7799999713897705,
            "ev": 7.116437911987305,
            "exposureTime": 0.009999999776482582,
            "timestamp": 1000015380065472400,
            "wbNormalizationData": {
                "ccm": {
                    "value": [
                        1.8372846841812134,
                        -0.601463258266449,
                        -0.23582236468791962,
                        -0.5549418926239014,
                        1.859626054763794,
                        -0.3046841621398926,
                        -0.07023224979639053,
                        -0.6460793614387512,
                        1.7163164615631104
                    ]
                },
                "invCCM": {
                    "value": [
                        0.6411198288367674,
                        0.2352271617115074,
                        0.12365418459210718,
                        0.193152843795107,
                        0.6510263103952112,
                        0.15582289545300368,
                        0.09428614762734636,
                        0.2569038927760153,
                        0.6488252097989301
                    ]
                },
                "whiteBalanceColorGains": [
                    0.9365323607289107,
                    1.0,
                    1.3032046419912124
                ]
            },
            "whiteBalanceTemperature": 4815.0
        },
        "type": 1
    },
    "timestamp": 1000015380065472400
}