{
    "bufferMetadata": {
        "byteSize": 860160,
        "format": 13,
        "height": 640,
        "rowStride": 896,
        "type": 1,
        "width": 832
    },
    "channelIndex": 0,
    "extrinsics": {
        "value": [
            0.9999347426176487,
            -0.0003689257569202054,
            -0.011418160989535738,
            0.0,
            0.0003668739668502641,
            0.999999916178054,
            -0.00018178937826379693,
            0.0,
            0.011418227099227025,
            0.000177588489161995,
            0.9999347941504281,
            0.0,
            0.0,
            0.0,
            0.0,
            1.0
        ]
    },
    "intrinsics": {
        "distortionCoefficients": [
            5.2492451667785645,
            0.204847052693367,
            -0.09155680984258652,
            8.465497970581055,
            -3.7477821024367586e-05,
            -6.70523240842158e-06,
            4.362573146820068,
            -0.5641931295394897
        ],
        "focalLengthX": 0.8780673146247864,
        "focalLengthY": 0.8780673146247864,
        "model": 2,
        "principalPointX": 0.49480119347572327,
        "principalPointY": 0.4892016053199768
    },
    "streamFrame": {
        "channels": 3,
        "dataFlags": 7,
        "frameNumber": 43145,
        "hmdPose": {
            "value": [
                0.508701411788471,
                0.11909246256543884,
                0.8526663196682013,
                0.0,
                0.015449615176456072,
                0.9889642598846327,
                -0.14734653684443166,
                0.0,
                -0.8608043777347528,
                0.08812875744754144,
                0.5012475825175953,
                0.0,
                0.23586340248584747,
                0.5027291774749756,
                0.6634896993637085,
                1.0
            ]
        },
        "id": 1,
        "metadata": {
            "cameraCalibrationConstant": 0.7799999713897705,
            "ev": 7.078570365905762,
            "exposureTime": 0.009999999776482582,
            "timestamp": 1000015379976582900,
            "wbNormalizationData": {
                "ccm": {
                    "value": [
                        1.8569060564041138,
                        -0.6264423131942749,
                        -0.23046450316905975,
                        -0.5443415641784668,
                        1.8538312911987305,
                        -0.3094896078109741,
                        -0.06758452951908112,
                        -0.6456027626991272,
                        1.7131915092468262
                    ]
                },
                "invCCM": {
                    "value": [
                        0.6411198288367674,
                        0.2352271617115074,
                        0.12365418459210718,
                        0.193152843795107,
                        0.6510263103952112,
                        0.15582289545300368,
                        0.09428614762734636,
                        0.2569038927760153,
                        0.6488252097989301
                    ]
                },
                "whiteBalanceColorGains": [
                    0.9403106421415777,
                    1.0,
                    1.293485211801414
                ]
            },
            "whiteBalanceTemperature": 4852.0
        },
        "type": 1
    },
    "timestamp": 1000015379976582900
}