{
    "bufferMetadata": {
        "byteSize": 860160,
        "format": 13,
        "height": 640,
        "rowStride": 896,
        "type": 1,
        "width": 832
    },
    "channelIndex": 0,
    "extrinsics": {
        "value": [
            0.9999347426176487,
            -0.0003689257569202054,
            -0.011418160989535738,
            0.0,
            0.0003668739668502641,
            0.999999916178054,
            -0.00018178937826379693,
            0.0,
            0.011418227099227025,
            0.000177588489161995,
            0.9999347941504281,
            0.0,
            0.0,
            0.0,
            0.0,
            1.0
        ]
    },
    "intrinsics": {
        "distortionCoefficients": [
            5.2492451667785645,
            0.204847052693367,
            -0.09155680984258652,
            8.465497970581055,
            -3.7477821024367586e-05,
            -6.70523240842158e-06,
            4.362573146820068,
            -0.5641931295394897
        ],
        "focalLengthX": 0.8780673146247864,
        "focalLengthY": 0.8780673146247864,
        "model": 2,
        "principalPointX": 0.49480119347572327,
        "principalPointY": 0.4892016053199768
    },
    "streamFrame": {
        "channels": 3,
        "dataFlags": 7,
        "frameNumber": 43073,
        "hmdPose": {
            "value": [
                -0.8289152379672451,
                0.20367005906893706,
                0.5209779791194823,
                0.0,
                0.17635027624772096,
                0.9790130824335683,
                -0.10214678024369676,
                0.0,
                -0.5308484979312992,
                0.007203588387550905,
                -0.8474361333917586,
                0.0,
                0.23586340248584747,
                0.5027291774749756,
                0.6634896993637085,
                1.0
            ]
        },
        "id": 1,
        "metadata": {
            "cameraCalibrationConstant": 0.7799999713897705,
            "ev": 7.110973834991455,
            "exposureTime": 0.009999999776482582,
            "timestamp": 1000015379176571400,
            "wbNormalizationData": {
                "ccm": {
                    "value": [
                        1.8406676054000854,
                        -0.6222864389419556,
                        -0.218380868434906,
                        -0.5270999670028687,
                        1.8510903120040894,
                        -0.3239899277687073,
                        -0.06185770034790039,
                        -0.6461388468742371,
                        1.7079923152923584
                    ]
                },
                "invCCM": {
                    "value": [
                        0.6411198288367674,
                        0.2352271617115074,
                        0.12365418459210718,
                        0.193152843795107,
                        0.6510263103952112,
                        0.15582289545300368,
                        0.09428614762734636,
                        0.2569038927760153,
                        0.6488252097989301
                    ]
                },
                "whiteBalanceColorGains": [
                    0.9508300022092957,
                    1.0,
                    1.2513812818907988
                ]
            },
            "whiteBalanceTemperature": 4983.0
        },
        "type": 1
    },
    "timestamp": 1000015379176571400
}