{
    "bufferMetadata": {
        "byteSize": 860160,
        "format": 13,
        "height": 640,
        "rowStride": 896,
        "type": 1,
        "width": 832
    },
    "channelIndex": 0,
    "extrinsics": {
        "value": [
            0.9999347426176487,
            -0.0003689257569202054,
            -0.011418160989535738,
            0.0,
            0.0003668739668502641,
            0.999999916178054,
            -0.00018178937826379693,
            0.0,
            0.011418227099227025,
            0.000177588489161995,
            0.9999347941504281,
            0.0,
            0.0,
            0.0,
            0.0,
            1.0
        ]
    },
    "intrinsics": {
        "distortionCoefficients": [
            5.2492451667785645,
            0.204847052693367,
            -0.09155680984258652,
            8.465497970581055,
            -3.7477821024367586e-05,
            -6.70523240842158e-06,
            4.362573146820068,
            -0.5641931295394897
        ],
        "focalLengthX": 0.8780673146247864,
        "focalLengthY": 0.8780673146247864,
        "model": 2,
        "principalPointX": 0.49480119347572327,
        "principalPointY": 0.4892016053199768
    },
    "streamFrame": {
        "channels": 3,
        "dataFlags": 7,
        "frameNumber": 43078,
        "hmdPose": {
            "value": [
                -0.8713592241620445,
                0.17144336987674774,
                0.4597176379902384,
                0.0,
                0.15616542409717504,
                0.9851473712081893,
                -0.07139340013146026,
                0.0,
                -0.46512954762148645,
                0.009582702702578137,
                -0.8851907756357777,
                0.0,
                0.23586340248584747,
                0.5027291774749756,
                0.6634896993637085,
                1.0
            ]
        },
        "id": 1,
        "metadata": {
            "cameraCalibrationConstant": 0.7799999713897705,
            "ev": 7.095806121826172,
            "exposureTime": 0.009999999776482582,
            "timestamp": 1000015379232122800,
            "wbNormalizationData": {
                "ccm": {
                    "value": [
                        1.8501859903335571,
                        -0.6319407224655151,
                        -0.21824486553668976,
                        -0.5264015793800354,
                        1.8496726751327515,
                        -0.32327064871788025,
                        -0.06183340400457382,
                        -0.6468551754951477,
                        1.708685040473938
                    ]
                },
                "invCCM": {
                    "value": [
                        0.6411198288367674,
                        0.2352271617115074,
                        0.12365418459210718,
                        0.193152843795107,
                        0.6510263103952112,
                        0.15582289545300368,
                        0.09428614762734636,
                        0.2569038927760153,
                        0.6488252097989301
                    ]
                },
                "whiteBalanceColorGains": [
                    0.9511147765705054,
                    1.0,
                    1.2578385576621587
                ]
            },
            "whiteBalanceTemperature": 4973.0
        },
        "type": 1
    },
    "timestamp": 1000015379232122800
}