{
    "bufferMetadata": {
        "byteSize": 860160,
        "format": 13,
        "height": 640,
        "rowStride": 896,
        "type": 1,
        "width": 832
    },
    "channelIndex": 0,
    "extrinsics": {
        "value": [
            0.9999347426176487,
            -0.0003689257569202054,
            -0.011418160989535738,
            0.0,
            0.0003668739668502641,
            0.999999916178054,
            -0.00018178937826379693,
            0.0,
            0.011418227099227025,
            0.000177588489161995,
            0.9999347941504281,
            0.0,
            0.0,
            0.0,
            0.0,
            1.0
        ]
    },
    "intrinsics": {
        "distortionCoefficients": [
            5.2492451667785645,
            0.204847052693367,
            -0.09155680984258652,
            8.465497970581055,
            -3.7477821024367586e-05,
            -6.70523240842158e-06,
            4.362573146820068,
            -0.5641931295394897
        ],
        "focalLengthX": 0.8780673146247864,
        "focalLengthY": 0.8780673146247864,
        "model": 2,
        "principalPointX": 0.49480119347572327,
        "principalPointY": 0.4892016053199768
    },
    "streamFrame": {
        "channels": 3,
        "dataFlags": 7,
        "frameNumber": 43099,
        "hmdPose": {
            "value": [
                -0.7095616182158531,
                0.18729202267620287,
                0.6792967094235995,
                0.0,
                0.11520274165180006,
                0.9818921519917754,
                -0.1503866027673081,
                0.0,
                -0.6951623188204192,
                -0.02845171730915754,
                -0.7182895388133672,
                0.0,
                0.23586340248584747,
                0.5027291774749756,
                0.6634896993637085,
                1.0
            ]
        },
        "id": 1,
        "metadata": {
            "cameraCalibrationConstant": 0.7799999713897705,
            "ev": 7.070114612579346,
            "exposureTime": 0.009999999776482582,
            "timestamp": 1000015379465462600,
            "wbNormalizationData": {
                "ccm": {
                    "value": [
                        1.8548784255981445,
                        -0.6353084444999695,
                        -0.21956990659236908,
                        -0.5280486345291138,
                        1.8495471477508545,
                        -0.32149815559387207,
                        -0.062471725046634674,
                        -0.6474899053573608,
                        1.7099590301513672
                    ]
                },
                "invCCM": {
                    "value": [
                        0.6411198288367674,
                        0.2352271617115074,
                        0.12365418459210718,
                        0.193152843795107,
                        0.6510263103952112,
                        0.15582289545300368,
                        0.09428614762734636,
                        0.2569038927760153,
                        0.6488252097989301
                    ]
                },
                "whiteBalanceColorGains": [
                    0.9508396454326435,
                    1.0,
                    1.2654293237116596
                ]
            },
            "whiteBalanceTemperature": 4958.0
        },
        "type": 1
    },
    "timestamp": 1000015379465462600
}