{
    "bufferMetadata": {
        "byteSize": 860160,
        "format": 13,
        "height": 640,
        "rowStride": 896,
        "type": 1,
        "width": 832
    },
    "channelIndex": 0,
    "extrinsics": {
        "value": [
            0.9999347426176487,
            -0.0003689257569202054,
            -0.011418160989535738,
            0.0,
            0.0003668739668502641,
            0.999999916178054,
            -0.00018178937826379693,
            0.0,
            0.011418227099227025,
            0.000177588489161995,
            0.9999347941504281,
            0.0,
            0.0,
            0.0,
            0.0,
            1.0
        ]
    },
    "intrinsics": {
        "distortionCoefficients": [
            5.2492451667785645,
            0.204847052693367,
            -0.09155680984258652,
            8.465497970581055,
            -3.7477821024367586e-05,
            -6.70523240842158e-06,
            4.362573146820068,
            -0.5641931295394897
        ],
        "focalLengthX": 0.8780673146247864,
        "focalLengthY": 0.8780673146247864,
        "model": 2,
        "principalPointX": 0.49480119347572327,
        "principalPointY": 0.4892016053199768
    },
    "streamFrame": {
        "channels": 3,
        "dataFlags": 7,
        "frameNumber": 43072,
        "hmdPose": {
            "value": [
                -0.8158475047256124,
                0.20594886077084418,
                0.5403497818083828,
                0.0,
                0.17498430477938776,
                0.9785454535118105,
                -0.10876253099600268,
                0.0,
                -0.5511563417344029,
                0.005819090562411075,
                -0.8343816847069125,
                0.0,
                0.23586340248584747,
                0.5027291774749756,
                0.6634896993637085,
                1.0
            ]
        },
        "id": 1,
        "metadata": {
            "cameraCalibrationConstant": 0.7799999713897705,
            "ev": 7.115171432495117,
            "exposureTime": 0.009999999776482582,
            "timestamp": 1000015379165460200,
            "wbNormalizationData": {
                "ccm": {
                    "value": [
                        1.8414442539215088,
                        -0.6230733394622803,
                        -0.21837063133716583,
                        -0.5268774628639221,
                        1.850903868675232,
                        -0.3240259885787964,
                        -0.06183547526597977,
                        -0.6460700631141663,
                        1.7079014778137207
                    ]
                },
                "invCCM": {
                    "value": [
                        0.6411198288367674,
                        0.2352271617115074,
                        0.12365418459210718,
                        0.193152843795107,
                        0.6510263103952112,
                        0.15582289545300368,
                        0.09428614762734636,
                        0.2569038927760153,
                        0.6488252097989301
                    ]
                },
                "whiteBalanceColorGains": [
                    0.9509742515295815,
                    1.0,
                    1.2507788343581379
                ]
            },
            "whiteBalanceTemperature": 4985.0
        },
        "type": 1
    },
    "timestamp": 1000015379165460200
}