{
    "bufferMetadata": {
        "byteSize": 860160,
        "format": 13,
        "height": 640,
        "rowStride": 896,
        "type": 1,
        "width": 832
    },
    "channelIndex": 0,
    "extrinsics": {
        "value": [
            0.9999347426176487,
            -0.0003689257569202054,
            -0.011418160989535738,
            0.0,
            0.0003668739668502641,
            0.999999916178054,
            -0.00018178937826379693,
            0.0,
            0.011418227099227025,
            0.000177588489161995,
            0.9999347941504281,
            0.0,
            0.0,
            0.0,
            0.0,
            1.0
        ]
    },
    "intrinsics": {
        "distortionCoefficients": [
            5.2492451667785645,
            0.204847052693367,
            -0.09155680984258652,
            8.465497970581055,
            -3.7477821024367586e-05,
            -6.70523240842158e-06,
            4.362573146820068,
            -0.5641931295394897
        ],
        "focalLengthX": 0.8780673146247864,
        "focalLengthY": 0.8780673146247864,
        "model": 2,
        "principalPointX": 0.49480119347572327,
        "principalPointY": 0.4892016053199768
    },
    "streamFrame": {
        "channels": 3,
        "dataFlags": 7,
        "frameNumber": 43155,
        "hmdPose": {
            "value": [
                0.4647431697902398,
                0.08996432869046227,
                0.8808633278626021,
                0.0,
                0.0172770660212566,
                0.9937142199510764,
                -0.11060538873713258,
                0.0,
                -0.8852769542914809,
                0.06662183269221542,
                0.46026757680497543,
                0.0,
                0.23586340248584747,
                0.5027291774749756,
                0.6634896993637085,
                1.0
            ]
        },
        "id": 1,
        "metadata": {
            "cameraCalibrationConstant": 0.7799999713897705,
            "ev": 7.13040828704834,
            "exposureTime": 0.009999999776482582,
            "timestamp": 1000015380087694700,
            "wbNormalizationData": {
                "ccm": {
                    "value": [
                        1.8370178937911987,
                        -0.6006689071655273,
                        -0.23634988069534302,
                        -0.5555731654167175,
                        1.8598425388336182,
                        -0.30426955223083496,
                        -0.07046710699796677,
                        -0.6464313268661499,
                        1.7169034481048584
                    ]
                },
                "invCCM": {
                    "value": [
                        0.6411198288367674,
                        0.2352271617115074,
                        0.12365418459210718,
                        0.193152843795107,
                        0.6510263103952112,
                        0.15582289545300368,
                        0.09428614762734636,
                        0.2569038927760153,
                        0.6488252097989301
                    ]
                },
                "whiteBalanceColorGains": [
                    0.936447633373427,
                    1.0,
                    1.3044944213188465
                ]
            },
            "whiteBalanceTemperature": 4812.0
        },
        "type": 1
    },
    "timestamp": 1000015380087694700
}