{
    "bufferMetadata": {
        "byteSize": 860160,
        "format": 13,
        "height": 640,
        "rowStride": 896,
        "type": 1,
        "width": 832
    },
    "channelIndex": 0,
    "extrinsics": {
        "value": [
            0.9999347426176487,
            -0.0003689257569202054,
            -0.011418160989535738,
            0.0,
            0.0003668739668502641,
            0.999999916178054,
            -0.00018178937826379693,
            0.0,
            0.011418227099227025,
            0.000177588489161995,
            0.9999347941504281,
            0.0,
            0.0,
            0.0,
            0.0,
            1.0
        ]
    },
    "intrinsics": {
        "distortionCoefficients": [
            5.2492451667785645,
            0.204847052693367,
            -0.09155680984258652,
            8.465497970581055,
            -3.7477821024367586e-05,
            -6.70523240842158e-06,
            4.362573146820068,
            -0.5641931295394897
        ],
        "focalLengthX": 0.8780673146247864,
        "focalLengthY": 0.8780673146247864,
        "model": 2,
        "principalPointX": 0.49480119347572327,
        "principalPointY": 0.4892016053199768
    },
    "streamFrame": {
        "channels": 3,
        "dataFlags": 7,
        "frameNumber": 43026,
        "hmdPose": {
            "value": [
                0.4716384816724739,
                0.1155823361730202,
                0.8741841117036763,
                0.0,
                -0.058376464560069216,
                0.9932900657279754,
                -0.09983503216751693,
                0.0,
                -0.8798575600492534,
                -0.0039457353191900205,
                0.4752211066605181,
                0.0,
                0.23586340248584747,
                0.5027291774749756,
                0.6634896993637085,
                1.0
            ]
        },
        "id": 1,
        "metadata": {
            "cameraCalibrationConstant": 0.7799999713897705,
            "ev": 7.17852258682251,
            "exposureTime": 0.009999999776482582,
            "timestamp": 1000015378655047700,
            "wbNormalizationData": {
                "ccm": {
                    "value": [
                        1.8569467067718506,
                        -0.6253356337547302,
                        -0.23161199688911438,
                        -0.5489761829376221,
                        1.8553320169448853,
                        -0.3063558042049408,
                        -0.06841135770082474,
                        -0.6435760259628296,
                        1.711992621421814
                    ]
                },
                "invCCM": {
                    "value": [
                        0.6411198288367674,
                        0.2352271617115074,
                        0.12365418459210718,
                        0.193152843795107,
                        0.6510263103952112,
                        0.15582289545300368,
                        0.09428614762734636,
                        0.2569038927760153,
                        0.6488252097989301
                    ]
                },
                "whiteBalanceColorGains": [
                    0.9397879794361255,
                    1.0,
                    1.3027157377851062
                ]
            },
            "whiteBalanceTemperature": 4833.0
        },
        "type": 1
    },
    "timestamp": 1000015378655047700
}