{
    "bufferMetadata": {
        "byteSize": 860160,
        "format": 13,
        "height": 640,
        "rowStride": 896,
        "type": 1,
        "width": 832
    },
    "channelIndex": 0,
    "extrinsics": {
        "value": [
            0.9999347426176487,
            -0.0003689257569202054,
            -0.011418160989535738,
            0.0,
            0.0003668739668502641,
            0.999999916178054,
            -0.00018178937826379693,
            0.0,
            0.011418227099227025,
            0.000177588489161995,
            0.9999347941504281,
            0.0,
            0.0,
            0.0,
            0.0,
            1.0
        ]
    },
    "intrinsics": {
        "distortionCoefficients": [
            5.2492451667785645,
            0.204847052693367,
            -0.09155680984258652,
            8.465497970581055,
            -3.7477821024367586e-05,
            -6.70523240842158e-06,
            4.362573146820068,
            -0.5641931295394897
        ],
        "focalLengthX": 0.8780673146247864,
        "focalLengthY": 0.8780673146247864,
        "model": 2,
        "principalPointX": 0.49480119347572327,
        "principalPointY": 0.4892016053199768
    },
    "streamFrame": {
        "channels": 3,
        "dataFlags": 7,
        "frameNumber": 43077,
        "hmdPose": {
            "value": [
                -0.8651996552887351,
                0.18108794047673749,
                0.46758600981537424,
                0.0,
                0.1638411139027257,
                0.9834221235847754,
                -0.07769823616921215,
                0.0,
                -0.4739046403616277,
                0.009385324852459714,
                -0.8805261321982667,
                0.0,
                0.23586340248584747,
                0.5027291774749756,
                0.6634896993637085,
                1.0
            ]
        },
        "id": 1,
        "metadata": {
            "cameraCalibrationConstant": 0.7799999713897705,
            "ev": 7.097853183746338,
            "exposureTime": 0.009999999776482582,
            "timestamp": 1000015379221014400,
            "wbNormalizationData": {
                "ccm": {
                    "value": [
                        1.8482568264007568,
                        -0.6300153732299805,
                        -0.21824097633361816,
                        -0.5264995694160461,
                        1.8499486446380615,
                        -0.3234485983848572,
                        -0.06182411313056946,
                        -0.6467218995094299,
                        1.7085423469543457
                    ]
                },
                "invCCM": {
                    "value": [
                        0.6411198288367674,
                        0.2352271617115074,
                        0.12365418459210718,
                        0.193152843795107,
                        0.6510263103952112,
                        0.15582289545300368,
                        0.09428614762734636,
                        0.2569038927760153,
                        0.6488252097989301
                    ]
                },
                "whiteBalanceColorGains": [
                    0.9511731014455125,
                    1.0,
                    1.2562111842726826
                ]
            },
            "whiteBalanceTemperature": 4976.0
        },
        "type": 1
    },
    "timestamp": 1000015379221014400
}