{
    "bufferMetadata": {
        "byteSize": 860160,
        "format": 13,
        "height": 640,
        "rowStride": 896,
        "type": 1,
        "width": 832
    },
    "channelIndex": 0,
    "extrinsics": {
        "value": [
            0.9999347426176487,
            -0.0003689257569202054,
            -0.011418160989535738,
            0.0,
            0.0003668739668502641,
            0.999999916178054,
            -0.00018178937826379693,
            0.0,
            0.011418227099227025,
            0.000177588489161995,
            0.9999347941504281,
            0.0,
            0.0,
            0.0,
            0.0,
            1.0
        ]
    },
    "intrinsics": {
        "distortionCoefficients": [
            5.2492451667785645,
            0.204847052693367,
            -0.09155680984258652,
            8.465497970581055,
            -3.7477821024367586e-05,
            -6.70523240842158e-06,
            4.362573146820068,
            -0.5641931295394897
        ],
        "focalLengthX": 0.8780673146247864,
        "focalLengthY": 0.8780673146247864,
        "model": 2,
        "principalPointX": 0.49480119347572327,
        "principalPointY": 0.4892016053199768
    },
    "streamFrame": {
        "channels": 3,
        "dataFlags": 7,
        "frameNumber": 43121,
        "hmdPose": {
            "value": [
                -0.07355816828560013,
                0.14619046108007602,
                0.9865179050206307,
                0.0,
                -0.005303275614531561,
                0.9891263711322995,
                -0.1469724379674661,
                0.0,
                -0.9972768437624808,
                -0.0160427972479594,
                -0.0719830359414444,
                0.0,
                0.23586340248584747,
                0.5027291774749756,
                0.6634896993637085,
                1.0
            ]
        },
        "id": 1,
        "metadata": {
            "cameraCalibrationConstant": 0.7799999713897705,
            "ev": 7.0526533126831055,
            "exposureTime": 0.009999999776482582,
            "timestamp": 1000015379709914000,
            "wbNormalizationData": {
                "ccm": {
                    "value": [
                        1.8329648971557617,
                        -0.6131423115730286,
                        -0.2198224663734436,
                        -0.5293219685554504,
                        1.8526252508163452,
                        -0.32330283522605896,
                        -0.06245056167244911,
                        -0.6446107029914856,
                        1.7070579528808594
                    ]
                },
                "invCCM": {
                    "value": [
                        0.6411198288367674,
                        0.2352271617115074,
                        0.12365418459210718,
                        0.193152843795107,
                        0.6510263103952112,
                        0.15582289545300368,
                        0.09428614762734636,
                        0.2569038927760153,
                        0.6488252097989301
                    ]
                },
                "whiteBalanceColorGains": [
                    0.9472240352221061,
                    1.0,
                    1.2488131382865426
                ]
            },
            "whiteBalanceTemperature": 4969.0
        },
        "type": 1
    },
    "timestamp": 1000015379709914000
}