{
    "bufferMetadata": {
        "byteSize": 860160,
        "format": 13,
        "height": 640,
        "rowStride": 896,
        "type": 1,
        "width": 832
    },
    "channelIndex": 0,
    "extrinsics": {
        "value": [
            0.9999347426176487,
            -0.0003689257569202054,
            -0.011418160989535738,
            0.0,
            0.0003668739668502641,
            0.999999916178054,
            -0.00018178937826379693,
            0.0,
            0.011418227099227025,
            0.000177588489161995,
            0.9999347941504281,
            0.0,
            0.0,
            0.0,
            0.0,
            1.0
        ]
    },
    "intrinsics": {
        "distortionCoefficients": [
            5.2492451667785645,
            0.204847052693367,
            -0.09155680984258652,
            8.465497970581055,
            -3.7477821024367586e-05,
            -6.70523240842158e-06,
            4.362573146820068,
            -0.5641931295394897
        ],
        "focalLengthX": 0.8780673146247864,
        "focalLengthY": 0.8780673146247864,
        "model": 2,
        "principalPointX": 0.49480119347572327,
        "principalPointY": 0.4892016053199768
    },
    "streamFrame": {
        "channels": 3,
        "dataFlags": 7,
        "frameNumber": 43043,
        "hmdPose": {
            "value": [
                0.06495312881169968,
                0.1717738626517079,
                0.9829927840916932,
                0.0,
                -0.03456416670310283,
                0.98486913600814,
                -0.16981785251864612,
                0.0,
                -0.9972895225794494,
                -0.022946127421347495,
                0.06990755246666491,
                0.0,
                0.23586340248584747,
                0.5027291774749756,
                0.6634896993637085,
                1.0
            ]
        },
        "id": 1,
        "metadata": {
            "cameraCalibrationConstant": 0.7799999713897705,
            "ev": 7.290336608886719,
            "exposureTime": 0.009999999776482582,
            "timestamp": 1000015378842929700,
            "wbNormalizationData": {
                "ccm": {
                    "value": [
                        1.885430932044983,
                        -0.6578999757766724,
                        -0.22753170132637024,
                        -0.5367438197135925,
                        1.847746729850769,
                        -0.3110027313232422,
                        -0.06610140204429626,
                        -0.6460001468658447,
                        1.7121071815490723
                    ]
                },
                "invCCM": {
                    "value": [
                        0.6411198288367674,
                        0.2352271617115074,
                        0.12365418459210718,
                        0.193152843795107,
                        0.6510263103952112,
                        0.15582289545300368,
                        0.09428614762734636,
                        0.2569038927760153,
                        0.6488252097989301
                    ]
                },
                "whiteBalanceColorGains": [
                    0.9431926358228057,
                    1.0,
                    1.2974676073640194
                ]
            },
            "whiteBalanceTemperature": 4860.0
        },
        "type": 1
    },
    "timestamp": 1000015378842929700
}