{
    "bufferMetadata": {
        "byteSize": 860160,
        "format": 13,
        "height": 640,
        "rowStride": 896,
        "type": 1,
        "width": 832
    },
    "channelIndex": 0,
    "extrinsics": {
        "value": [
            0.9999347426176487,
            -0.0003689257569202054,
            -0.011418160989535738,
            0.0,
            0.0003668739668502641,
            0.999999916178054,
            -0.00018178937826379693,
            0.0,
            0.011418227099227025,
            0.000177588489161995,
            0.9999347941504281,
            0.0,
            0.0,
            0.0,
            0.0,
            1.0
        ]
    },
    "intrinsics": {
        "distortionCoefficients": [
            5.2492451667785645,
            0.204847052693367,
            -0.09155680984258652,
            8.465497970581055,
            -3.7477821024367586e-05,
            -6.70523240842158e-06,
            4.362573146820068,
            -0.5641931295394897
        ],
        "focalLengthX": 0.8780673146247864,
        "focalLengthY": 0.8780673146247864,
        "model": 2,
        "principalPointX": 0.49480119347572327,
        "principalPointY": 0.4892016053199768
    },
    "streamFrame": {
        "channels": 3,
        "dataFlags": 7,
        "frameNumber": 43007,
        "hmdPose": {
            "value": [
                0.39636026452003326,
                0.1132534075593105,
                0.9110829771791427,
                0.0,
                -0.12451411745795103,
                0.9898246373430217,
                -0.06887250255523568,
                0.0,
                -0.9096124230588944,
                -0.08614437143979913,
                0.406428803429947,
                0.0,
                0.23586340248584747,
                0.5027291774749756,
                0.6634896993637085,
                1.0
            ]
        },
        "id": 1,
        "metadata": {
            "cameraCalibrationConstant": 0.7799999713897705,
            "ev": 7.0879106521606445,
            "exposureTime": 0.009999999776482582,
            "timestamp": 1000015378443221800,
            "wbNormalizationData": {
                "ccm": {
                    "value": [
                        1.8798972368240356,
                        -0.6564581394195557,
                        -0.2234392762184143,
                        -0.5306342244148254,
                        1.8465913534164429,
                        -0.3159569799900055,
                        -0.06408987939357758,
                        -0.6438067555427551,
                        1.7079004049301147
                    ]
                },
                "invCCM": {
                    "value": [
                        0.6411198288367674,
                        0.2352271617115074,
                        0.12365418459210718,
                        0.193152843795107,
                        0.6510263103952112,
                        0.15582289545300368,
                        0.09428614762734636,
                        0.2569038927760153,
                        0.6488252097989301
                    ]
                },
                "whiteBalanceColorGains": [
                    0.9458622790754158,
                    1.0,
                    1.2773382578349146
                ]
            },
            "whiteBalanceTemperature": 4910.0
        },
        "type": 1
    },
    "timestamp": 1000015378443221800
}