{
    "bufferMetadata": {
        "byteSize": 860160,
        "format": 13,
        "height": 640,
        "rowStride": 896,
        "type": 1,
        "width": 832
    },
    "channelIndex": 0,
    "extrinsics": {
        "value": [
            0.9999347426176487,
            -0.0003689257569202054,
            -0.011418160989535738,
            0.0,
            0.0003668739668502641,
            0.999999916178054,
            -0.00018178937826379693,
            0.0,
            0.011418227099227025,
            0.000177588489161995,
            0.9999347941504281,
            0.0,
            0.0,
            0.0,
            0.0,
            1.0
        ]
    },
    "intrinsics": {
        "distortionCoefficients": [
            5.2492451667785645,
            0.204847052693367,
            -0.09155680984258652,
            8.465497970581055,
            -3.7477821024367586e-05,
            -6.70523240842158e-06,
            4.362573146820068,
            -0.5641931295394897
        ],
        "focalLengthX": 0.8780673146247864,
        "focalLengthY": 0.8780673146247864,
        "model": 2,
        "principalPointX": 0.49480119347572327,
        "principalPointY": 0.4892016053199768
    },
    "streamFrame": {
        "channels": 3,
        "dataFlags": 7,
        "frameNumber": 43106,
        "hmdPose": {
            "value": [
                -0.5402925888711418,
                0.1843210197283625,
                0.8210418302467692,
                0.0,
                0.07035532228213555,
                0.9821935044265885,
                -0.1742011726963007,
                0.0,
                -0.8385308902808799,
                -0.03635493953352338,
                -0.5436398360578911,
                0.0,
                0.23586340248584747,
                0.5027291774749756,
                0.6634896993637085,
                1.0
            ]
        },
        "id": 1,
        "metadata": {
            "cameraCalibrationConstant": 0.7799999713897705,
            "ev": 7.082579612731934,
            "exposureTime": 0.009999999776482582,
            "timestamp": 1000015379543241100,
            "wbNormalizationData": {
                "ccm": {
                    "value": [
                        1.842634677886963,
                        -0.6239494681358337,
                        -0.21868489682674408,
                        -0.5280494689941406,
                        1.8512061834335327,
                        -0.3231560289859772,
                        -0.062087032943964005,
                        -0.6469742059707642,
                        1.709057331085205
                    ]
                },
                "invCCM": {
                    "value": [
                        0.6411198288367674,
                        0.2352271617115074,
                        0.12365418459210718,
                        0.193152843795107,
                        0.6510263103952112,
                        0.15582289545300368,
                        0.09428614762734636,
                        0.2569038927760153,
                        0.6488252097989301
                    ]
                },
                "whiteBalanceColorGains": [
                    0.9510495351766831,
                    1.0,
                    1.2576245861740416
                ]
            },
            "whiteBalanceTemperature": 4973.0
        },
        "type": 1
    },
    "timestamp": 1000015379543241100
}