{
    "bufferMetadata": {
        "byteSize": 860160,
        "format": 13,
        "height": 640,
        "rowStride": 896,
        "type": 1,
        "width": 832
    },
    "channelIndex": 0,
    "extrinsics": {
        "value": [
            0.9999347426176487,
            -0.0003689257569202054,
            -0.011418160989535738,
            0.0,
            0.0003668739668502641,
            0.999999916178054,
            -0.00018178937826379693,
            0.0,
            0.011418227099227025,
            0.000177588489161995,
            0.9999347941504281,
            0.0,
            0.0,
            0.0,
            0.0,
            1.0
        ]
    },
    "intrinsics": {
        "distortionCoefficients": [
            5.2492451667785645,
            0.204847052693367,
            -0.09155680984258652,
            8.465497970581055,
            -3.7477821024367586e-05,
            -6.70523240842158e-06,
            4.362573146820068,
            -0.5641931295394897
        ],
        "focalLengthX": 0.8780673146247864,
        "focalLengthY": 0.8780673146247864,
        "model": 2,
        "principalPointX": 0.49480119347572327,
        "principalPointY": 0.4892016053199768
    },
    "streamFrame": {
        "channels": 3,
        "dataFlags": 7,
        "frameNumber": 43057,
        "hmdPose": {
            "value": [
                -0.4319060835772741,
                0.2002842376373305,
                0.879399414963016,
                0.0,
                0.06785493843335967,
                0.9794843848092807,
                -0.18975259377039536,
                0.0,
                -0.8993624487454801,
                -0.022283708542813224,
                -0.43663553902730934,
                0.0,
                0.23586340248584747,
                0.5027291774749756,
                0.6634896993637085,
                1.0
            ]
        },
        "id": 1,
        "metadata": {
            "cameraCalibrationConstant": 0.7799999713897705,
            "ev": 7.214442729949951,
            "exposureTime": 0.009999999776482582,
            "timestamp": 1000015378998764200,
            "wbNormalizationData": {
                "ccm": {
                    "value": [
                        1.872829794883728,
                        -0.6518743634223938,
                        -0.22095540165901184,
                        -0.5252701640129089,
                        1.845908284187317,
                        -0.32063770294189453,
                        -0.06271582841873169,
                        -0.6459558010101318,
                        1.7086726427078247
                    ]
                },
                "invCCM": {
                    "value": [
                        0.6411198288367674,
                        0.2352271617115074,
                        0.12365418459210718,
                        0.193152843795107,
                        0.6510263103952112,
                        0.15582289545300368,
                        0.09428614762734636,
                        0.2569038927760153,
                        0.6488252097989301
                    ]
                },
                "whiteBalanceColorGains": [
                    0.9498411395337175,
                    1.0,
                    1.264225035829902
                ]
            },
            "whiteBalanceTemperature": 4955.0
        },
        "type": 1
    },
    "timestamp": 1000015378998764200
}