{
    "bufferMetadata": {
        "byteSize": 860160,
        "format": 13,
        "height": 640,
        "rowStride": 896,
        "type": 1,
        "width": 832
    },
    "channelIndex": 0,
    "extrinsics": {
        "value": [
            0.9999347426176487,
            -0.0003689257569202054,
            -0.011418160989535738,
            0.0,
            0.0003668739668502641,
            0.999999916178054,
            -0.00018178937826379693,
            0.0,
            0.011418227099227025,
            0.000177588489161995,
            0.9999347941504281,
            0.0,
            0.0,
            0.0,
            0.0,
            1.0
        ]
    },
    "intrinsics": {
        "distortionCoefficients": [
            5.2492451667785645,
            0.204847052693367,
            -0.09155680984258652,
            8.465497970581055,
            -3.7477821024367586e-05,
            -6.70523240842158e-06,
            4.362573146820068,
            -0.5641931295394897
        ],
        "focalLengthX": 0.8780673146247864,
        "focalLengthY": 0.8780673146247864,
        "model": 2,
        "principalPointX": 0.49480119347572327,
        "principalPointY": 0.4892016053199768
    },
    "streamFrame": {
        "channels": 3,
        "dataFlags": 7,
        "frameNumber": 43018,
        "hmdPose": {
            "value": [
                0.5092854825125339,
                0.10770438320711263,
                0.8538314094523604,
                0.0,
                -0.08031713508293024,
                0.993755989674077,
                -0.0774479887385198,
                0.0,
                -0.8568415651341262,
                -0.029134154965383664,
                0.5147560060452285,
                0.0,
                0.23586340248584747,
                0.5027291774749756,
                0.6634896993637085,
                1.0
            ]
        },
        "id": 1,
        "metadata": {
            "cameraCalibrationConstant": 0.7799999713897705,
            "ev": 7.139735698699951,
            "exposureTime": 0.009999999776482582,
            "timestamp": 1000015378565340900,
            "wbNormalizationData": {
                "ccm": {
                    "value": [
                        1.8689626455307007,
                        -0.640566349029541,
                        -0.22839705646038055,
                        -0.5421308279037476,
                        1.8516274690628052,
                        -0.3094964623451233,
                        -0.06676796078681946,
                        -0.643105685710907,
                        1.70987868309021
                    ]
                },
                "invCCM": {
                    "value": [
                        0.6411198288367674,
                        0.2352271617115074,
                        0.12365418459210718,
                        0.193152843795107,
                        0.6510263103952112,
                        0.15582289545300368,
                        0.09428614762734636,
                        0.2569038927760153,
                        0.6488252097989301
                    ]
                },
                "whiteBalanceColorGains": [
                    0.9431986877767689,
                    1.0,
                    1.2954606228100407
                ]
            },
            "whiteBalanceTemperature": 4864.0
        },
        "type": 1
    },
    "timestamp": 1000015378565340900
}