{
    "bufferMetadata": {
        "byteSize": 860160,
        "format": 13,
        "height": 640,
        "rowStride": 896,
        "type": 1,
        "width": 832
    },
    "channelIndex": 0,
    "extrinsics": {
        "value": [
            0.9999347426176487,
            -0.0003689257569202054,
            -0.011418160989535738,
            0.0,
            0.0003668739668502641,
            0.999999916178054,
            -0.00018178937826379693,
            0.0,
            0.011418227099227025,
            0.000177588489161995,
            0.9999347941504281,
            0.0,
            0.0,
            0.0,
            0.0,
            1.0
        ]
    },
    "intrinsics": {
        "distortionCoefficients": [
            5.2492451667785645,
            0.204847052693367,
            -0.09155680984258652,
            8.465497970581055,
            -3.7477821024367586e-05,
            -6.70523240842158e-06,
            4.362573146820068,
            -0.5641931295394897
        ],
        "focalLengthX": 0.8780673146247864,
        "focalLengthY": 0.8780673146247864,
        "model": 2,
        "principalPointX": 0.49480119347572327,
        "principalPointY": 0.4892016053199768
    },
    "streamFrame": {
        "channels": 3,
        "dataFlags": 7,
        "frameNumber": 43103,
        "hmdPose": {
            "value": [
                -0.619086271046601,
                0.18938983565019424,
                0.7621441479986245,
                0.0,
                0.09207074755979722,
                0.9812960015790545,
                -0.16905956050001186,
                0.0,
                -0.7799071673089927,
                -0.034491269983424735,
                -0.6249441462509924,
                0.0,
                0.23586340248584747,
                0.5027291774749756,
                0.6634896993637085,
                1.0
            ]
        },
        "id": 1,
        "metadata": {
            "cameraCalibrationConstant": 0.7799999713897705,
            "ev": 7.079598903656006,
            "exposureTime": 0.009999999776482582,
            "timestamp": 1000015379509907400,
            "wbNormalizationData": {
                "ccm": {
                    "value": [
                        1.8486356735229492,
                        -0.6297097206115723,
                        -0.21892575919628143,
                        -0.52776038646698,
                        1.8503106832504272,
                        -0.3225499093532562,
                        -0.06218475475907326,
                        -0.6472277045249939,
                        1.7094091176986694
                    ]
                },
                "invCCM": {
                    "value": [
                        0.6411198288367674,
                        0.2352271617115074,
                        0.12365418459210718,
                        0.193152843795107,
                        0.6510263103952112,
                        0.15582289545300368,
                        0.09428614762734636,
                        0.2569038927760153,
                        0.6488252097989301
                    ]
                },
                "whiteBalanceColorGains": [
                    0.9511869344831425,
                    1.0,
                    1.261107633973232
                ]
            },
            "whiteBalanceTemperature": 4967.0
        },
        "type": 1
    },
    "timestamp": 1000015379509907400
}