{
    "bufferMetadata": {
        "byteSize": 860160,
        "format": 13,
        "height": 640,
        "rowStride": 896,
        "type": 1,
        "width": 832
    },
    "channelIndex": 0,
    "extrinsics": {
        "value": [
            0.9999347426176487,
            -0.0003689257569202054,
            -0.011418160989535738,
            0.0,
            0.0003668739668502641,
            0.999999916178054,
            -0.00018178937826379693,
            0.0,
            0.011418227099227025,
            0.000177588489161995,
            0.9999347941504281,
            0.0,
            0.0,
            0.0,
            0.0,
            1.0
        ]
    },
    "intrinsics": {
        "distortionCoefficients": [
            5.2492451667785645,
            0.204847052693367,
            -0.09155680984258652,
            8.465497970581055,
            -3.7477821024367586e-05,
            -6.70523240842158e-06,
            4.362573146820068,
            -0.5641931295394897
        ],
        "focalLengthX": 0.8780673146247864,
        "focalLengthY": 0.8780673146247864,
        "model": 2,
        "principalPointX": 0.49480119347572327,
        "principalPointY": 0.4892016053199768
    },
    "streamFrame": {
        "channels": 3,
        "dataFlags": 7,
        "frameNumber": 43164,
        "hmdPose": {
            "value": [
                0.27940650140719225,
                0.10297563841241428,
                0.9546350129009434,
                0.0,
                -0.005799836184354333,
                0.994395276361771,
                -0.10556702192133763,
                0.0,
                -0.9601553790210539,
                0.02395938460522793,
                0.2784377470725645,
                0.0,
                0.23586340248584747,
                0.5027291774749756,
                0.6634896993637085,
                1.0
            ]
        },
        "id": 1,
        "metadata": {
            "cameraCalibrationConstant": 0.7799999713897705,
            "ev": 7.206182479858398,
            "exposureTime": 0.009999999776482582,
            "timestamp": 1000015380187695600,
            "wbNormalizationData": {
                "ccm": {
                    "value": [
                        1.8443392515182495,
                        -0.6100873947143555,
                        -0.23425284028053284,
                        -0.5531131029129028,
                        1.8582134246826172,
                        -0.3051004111766815,
                        -0.06959500163793564,
                        -0.6451632380485535,
                        1.7147635221481323
                    ]
                },
                "invCCM": {
                    "value": [
                        0.6411198288367674,
                        0.2352271617115074,
                        0.12365418459210718,
                        0.193152843795107,
                        0.6510263103952112,
                        0.15582289545300368,
                        0.09428614762734636,
                        0.2569038927760153,
                        0.6488252097989301
                    ]
                },
                "whiteBalanceColorGains": [
                    0.9374380921687316,
                    1.0,
                    1.3060398249271197
                ]
            },
            "whiteBalanceTemperature": 4815.0
        },
        "type": 1
    },
    "timestamp": 1000015380187695600
}