{
    "bufferMetadata": {
        "byteSize": 860160,
        "format": 13,
        "height": 640,
        "rowStride": 896,
        "type": 1,
        "width": 832
    },
    "channelIndex": 0,
    "extrinsics": {
        "value": [
            0.9999347426176487,
            -0.0003689257569202054,
            -0.011418160989535738,
            0.0,
            0.0003668739668502641,
            0.999999916178054,
            -0.00018178937826379693,
            0.0,
            0.011418227099227025,
            0.000177588489161995,
            0.9999347941504281,
            0.0,
            0.0,
            0.0,
            0.0,
            1.0
        ]
    },
    "intrinsics": {
        "distortionCoefficients": [
            5.2492451667785645,
            0.204847052693367,
            -0.09155680984258652,
            8.465497970581055,
            -3.7477821024367586e-05,
            -6.70523240842158e-06,
            4.362573146820068,
            -0.5641931295394897
        ],
        "focalLengthX": 0.8780673146247864,
        "focalLengthY": 0.8780673146247864,
        "model": 2,
        "principalPointX": 0.49480119347572327,
        "principalPointY": 0.4892016053199768
    },
    "streamFrame": {
        "channels": 3,
        "dataFlags": 7,
        "frameNumber": 43021,
        "hmdPose": {
            "value": [
                0.5086969894496592,
                0.11186591576707189,
                0.8536471076078617,
                0.0,
                -0.07064538408148466,
                0.9936026382295798,
                -0.08810804128879757,
                0.0,
                -0.8580423049859799,
                -0.015485933015589419,
                0.5133454814233015,
                0.0,
                0.23586340248584747,
                0.5027291774749756,
                0.6634896993637085,
                1.0
            ]
        },
        "id": 1,
        "metadata": {
            "cameraCalibrationConstant": 0.7799999713897705,
            "ev": 7.150243282318115,
            "exposureTime": 0.009999999776482582,
            "timestamp": 1000015378598438600,
            "wbNormalizationData": {
                "ccm": {
                    "value": [
                        1.861606478691101,
                        -0.6313974261283875,
                        -0.23020988702774048,
                        -0.5459021329879761,
                        1.8537572622299194,
                        -0.30785518884658813,
                        -0.06768037378787994,
                        -0.643399715423584,
                        1.7110850811004639
                    ]
                },
                "invCCM": {
                    "value": [
                        0.6411198288367674,
                        0.2352271617115074,
                        0.12365418459210718,
                        0.193152843795107,
                        0.6510263103952112,
                        0.15582289545300368,
                        0.09428614762734636,
                        0.2569038927760153,
                        0.6488252097989301
                    ]
                },
                "whiteBalanceColorGains": [
                    0.9418467743683921,
                    1.0,
                    1.2984109277497704
                ]
            },
            "whiteBalanceTemperature": 4851.0
        },
        "type": 1
    },
    "timestamp": 1000015378598438600
}