{
    "bufferMetadata": {
        "byteSize": 860160,
        "format": 13,
        "height": 640,
        "rowStride": 896,
        "type": 1,
        "width": 832
    },
    "channelIndex": 0,
    "extrinsics": {
        "value": [
            0.9999347426176487,
            -0.0003689257569202054,
            -0.011418160989535738,
            0.0,
            0.0003668739668502641,
            0.999999916178054,
            -0.00018178937826379693,
            0.0,
            0.011418227099227025,
            0.000177588489161995,
            0.9999347941504281,
            0.0,
            0.0,
            0.0,
            0.0,
            1.0
        ]
    },
    "intrinsics": {
        "distortionCoefficients": [
            5.2492451667785645,
            0.204847052693367,
            -0.09155680984258652,
            8.465497970581055,
            -3.7477821024367586e-05,
            -6.70523240842158e-06,
            4.362573146820068,
            -0.5641931295394897
        ],
        "focalLengthX": 0.8780673146247864,
        "focalLengthY": 0.8780673146247864,
        "model": 2,
        "principalPointX": 0.49480119347572327,
        "principalPointY": 0.4892016053199768
    },
    "streamFrame": {
        "channels": 3,
        "dataFlags": 7,
        "frameNumber": 43162,
        "hmdPose": {
            "value": [
                0.3318533529995218,
                0.09753787960493392,
                0.9382748559789287,
                0.0,
                0.0009236154203248609,
                0.9946060624526465,
                -0.10372042902000334,
                0.0,
                -0.9433305307550801,
                0.03528657682053659,
                0.32997326927198867,
                0.0,
                0.23586340248584747,
                0.5027291774749756,
                0.6634896993637085,
                1.0
            ]
        },
        "id": 1,
        "metadata": {
            "cameraCalibrationConstant": 0.7799999713897705,
            "ev": 7.188248634338379,
            "exposureTime": 0.009999999776482582,
            "timestamp": 1000015380165473100,
            "wbNormalizationData": {
                "ccm": {
                    "value": [
                        1.8421647548675537,
                        -0.607064962387085,
                        -0.23510082066059113,
                        -0.5544037222862244,
                        1.8588722944259644,
                        -0.3044687509536743,
                        -0.06998234987258911,
                        -0.6454097032546997,
                        1.7153973579406738
                    ]
                },
                "invCCM": {
                    "value": [
                        0.6411198288367674,
                        0.2352271617115074,
                        0.12365418459210718,
                        0.193152843795107,
                        0.6510263103952112,
                        0.15582289545300368,
                        0.09428614762734636,
                        0.2569038927760153,
                        0.6488252097989301
                    ]
                },
                "whiteBalanceColorGains": [
                    0.9371301740714872,
                    1.0,
                    1.3061122012080038
                ]
            },
            "whiteBalanceTemperature": 4813.0
        },
        "type": 1
    },
    "timestamp": 1000015380165473100
}