{
    "bufferMetadata": {
        "byteSize": 860160,
        "format": 13,
        "height": 640,
        "rowStride": 896,
        "type": 1,
        "width": 832
    },
    "channelIndex": 0,
    "extrinsics": {
        "value": [
            0.9999347426176487,
            -0.0003689257569202054,
            -0.011418160989535738,
            0.0,
            0.0003668739668502641,
            0.999999916178054,
            -0.00018178937826379693,
            0.0,
            0.011418227099227025,
            0.000177588489161995,
            0.9999347941504281,
            0.0,
            0.0,
            0.0,
            0.0,
            1.0
        ]
    },
    "intrinsics": {
        "distortionCoefficients": [
            5.2492451667785645,
            0.204847052693367,
            -0.09155680984258652,
            8.465497970581055,
            -3.7477821024367586e-05,
            -6.70523240842158e-06,
            4.362573146820068,
            -0.5641931295394897
        ],
        "focalLengthX": 0.8780673146247864,
        "focalLengthY": 0.8780673146247864,
        "model": 2,
        "principalPointX": 0.49480119347572327,
        "principalPointY": 0.4892016053199768
    },
    "streamFrame": {
        "channels": 3,
        "dataFlags": 7,
        "frameNumber": 43113,
        "hmdPose": {
            "value": [
                -0.3291818806308138,
                0.16351602947721716,
                0.9300009510110202,
                0.0,
                0.02206357778599026,
                0.9859554751242461,
                -0.1655445538357845,
                0.0,
                -0.9440087178160367,
                -0.03397512138923492,
                -0.32816642599275814,
                0.0,
                0.23586340248584747,
                0.5027291774749756,
                0.6634896993637085,
                1.0
            ]
        },
        "id": 1,
        "metadata": {
            "cameraCalibrationConstant": 0.7799999713897705,
            "ev": 7.075798511505127,
            "exposureTime": 0.009999999776482582,
            "timestamp": 1000015379621019400,
            "wbNormalizationData": {
                "ccm": {
                    "value": [
                        1.8320566415786743,
                        -0.6134520769119263,
                        -0.2186042070388794,
                        -0.5288549065589905,
                        1.8528133630752563,
                        -0.32395780086517334,
                        -0.062041640281677246,
                        -0.6459083557128906,
                        1.707945466041565
                    ]
                },
                "invCCM": {
                    "value": [
                        0.6411198288367674,
                        0.2352271617115074,
                        0.12365418459210718,
                        0.193152843795107,
                        0.6510263103952112,
                        0.15582289545300368,
                        0.09428614762734636,
                        0.2569038927760153,
                        0.6488252097989301
                    ]
                },
                "whiteBalanceColorGains": [
                    0.9500521598625634,
                    1.0,
                    1.2496542089600378
                ]
            },
            "whiteBalanceTemperature": 4982.0
        },
        "type": 1
    },
    "timestamp": 1000015379621019400
}