{
    "bufferMetadata": {
        "byteSize": 860160,
        "format": 13,
        "height": 640,
        "rowStride": 896,
        "type": 1,
        "width": 832
    },
    "channelIndex": 0,
    "extrinsics": {
        "value": [
            0.9999347426176487,
            -0.0003689257569202054,
            -0.011418160989535738,
            0.0,
            0.0003668739668502641,
            0.999999916178054,
            -0.00018178937826379693,
            0.0,
            0.011418227099227025,
            0.000177588489161995,
            0.9999347941504281,
            0.0,
            0.0,
            0.0,
            0.0,
            1.0
        ]
    },
    "intrinsics": {
        "distortionCoefficients": [
            5.2492451667785645,
            0.204847052693367,
            -0.09155680984258652,
            8.465497970581055,
            -3.7477821024367586e-05,
            -6.70523240842158e-06,
            4.362573146820068,
            -0.5641931295394897
        ],
        "focalLengthX": 0.8780673146247864,
        "focalLengthY": 0.8780673146247864,
        "model": 2,
        "principalPointX": 0.49480119347572327,
        "principalPointY": 0.4892016053199768
    },
    "streamFrame": {
        "channels": 3,
        "dataFlags": 7,
        "frameNumber": 43120,
        "hmdPose": {
            "value": [
                -0.10674786948054726,
                0.1449603287490071,
                0.983662252160346,
                0.0,
                -0.0038854736356050967,
                0.9892466907032041,
                -0.1462049531560745,
                0.0,
                -0.9942785456454399,
                -0.019429058693686482,
                -0.10503673726154572,
                0.0,
                0.23586340248584747,
                0.5027291774749756,
                0.6634896993637085,
                1.0
            ]
        },
        "id": 1,
        "metadata": {
            "cameraCalibrationConstant": 0.7799999713897705,
            "ev": 7.056964874267578,
            "exposureTime": 0.009999999776482582,
            "timestamp": 1000015379698802700,
            "wbNormalizationData": {
                "ccm": {
                    "value": [
                        1.8315907716751099,
                        -0.6117995381355286,
                        -0.21979108452796936,
                        -0.5295943021774292,
                        1.8529026508331299,
                        -0.3233078122138977,
                        -0.06245701014995575,
                        -0.6444854736328125,
                        1.7069391012191772
                    ]
                },
                "invCCM": {
                    "value": [
                        0.6411198288367674,
                        0.2352271617115074,
                        0.12365418459210718,
                        0.193152843795107,
                        0.6510263103952112,
                        0.15582289545300368,
                        0.09428614762734636,
                        0.2569038927760153,
                        0.6488252097989301
                    ]
                },
                "whiteBalanceColorGains": [
                    0.9474814095280101,
                    1.0,
                    1.248249793375433
                ]
            },
            "whiteBalanceTemperature": 4973.0
        },
        "type": 1
    },
    "timestamp": 1000015379698802700
}