{
    "bufferMetadata": {
        "byteSize": 860160,
        "format": 13,
        "height": 640,
        "rowStride": 896,
        "type": 1,
        "width": 832
    },
    "channelIndex": 0,
    "extrinsics": {
        "value": [
            0.9999347426176487,
            -0.0003689257569202054,
            -0.011418160989535738,
            0.0,
            0.0003668739668502641,
            0.999999916178054,
            -0.00018178937826379693,
            0.0,
            0.011418227099227025,
            0.000177588489161995,
            0.9999347941504281,
            0.0,
            0.0,
            0.0,
            0.0,
            1.0
        ]
    },
    "intrinsics": {
        "distortionCoefficients": [
            5.2492451667785645,
            0.204847052693367,
            -0.09155680984258652,
            8.465497970581055,
            -3.7477821024367586e-05,
            -6.70523240842158e-06,
            4.362573146820068,
            -0.5641931295394897
        ],
        "focalLengthX": 0.8780673146247864,
        "focalLengthY": 0.8780673146247864,
        "model": 2,
        "principalPointX": 0.49480119347572327,
        "principalPointY": 0.4892016053199768
    },
    "streamFrame": {
        "channels": 3,
        "dataFlags": 7,
        "frameNumber": 43169,
        "hmdPose": {
            "value": [
                0.1200503922175451,
                0.12108183251417304,
                0.9853563329046299,
                0.0,
                -0.017887858956092344,
                0.9926372272703196,
                -0.11979716031547263,
                0.0,
                -0.9926066378290127,
                -0.0032442183486707382,
                0.12133238315838468,
                0.0,
                0.23586340248584747,
                0.5027291774749756,
                0.6634896993637085,
                1.0
            ]
        },
        "id": 1,
        "metadata": {
            "cameraCalibrationConstant": 0.7799999713897705,
            "ev": 7.244808197021484,
            "exposureTime": 0.009999999776482582,
            "timestamp": 1000015380243250700,
            "wbNormalizationData": {
                "ccm": {
                    "value": [
                        1.852159023284912,
                        -0.620017409324646,
                        -0.2321423888206482,
                        -0.548778235912323,
                        1.8558366298675537,
                        -0.3070586323738098,
                        -0.06852832436561584,
                        -0.6445818543434143,
                        1.7131155729293823
                    ]
                },
                "invCCM": {
                    "value": [
                        0.6411198288367674,
                        0.2352271617115074,
                        0.12365418459210718,
                        0.193152843795107,
                        0.6510263103952112,
                        0.15582289545300368,
                        0.09428614762734636,
                        0.2569038927760153,
                        0.6488252097989301
                    ]
                },
                "whiteBalanceColorGains": [
                    0.9381166425674756,
                    1.0,
                    1.3004766876727893
                ]
            },
            "whiteBalanceTemperature": 4828.0
        },
        "type": 1
    },
    "timestamp": 1000015380243250700
}