{
    "bufferMetadata": {
        "byteSize": 860160,
        "format": 13,
        "height": 640,
        "rowStride": 896,
        "type": 1,
        "width": 832
    },
    "channelIndex": 0,
    "extrinsics": {
        "value": [
            0.9999347426176487,
            -0.0003689257569202054,
            -0.011418160989535738,
            0.0,
            0.0003668739668502641,
            0.999999916178054,
            -0.00018178937826379693,
            0.0,
            0.011418227099227025,
            0.000177588489161995,
            0.9999347941504281,
            0.0,
            0.0,
            0.0,
            0.0,
            1.0
        ]
    },
    "intrinsics": {
        "distortionCoefficients": [
            5.2492451667785645,
            0.204847052693367,
            -0.09155680984258652,
            8.465497970581055,
            -3.7477821024367586e-05,
            -6.70523240842158e-06,
            4.362573146820068,
            -0.5641931295394897
        ],
        "focalLengthX": 0.8780673146247864,
        "focalLengthY": 0.8780673146247864,
        "model": 2,
        "principalPointX": 0.49480119347572327,
        "principalPointY": 0.4892016053199768
    },
    "streamFrame": {
        "channels": 3,
        "dataFlags": 7,
        "frameNumber": 43033,
        "hmdPose": {
            "value": [
                0.3562986211682506,
                0.13696561997088297,
                0.9242790190329326,
                0.0,
                -0.05415802950707571,
                0.9905621773157639,
                -0.12591060565507176,
                0.0,
                -0.9328012617478598,
                -0.005195355859605101,
                0.3603537261147288,
                0.0,
                0.23586340248584747,
                0.5027291774749756,
                0.6634896993637085,
                1.0
            ]
        },
        "id": 1,
        "metadata": {
            "cameraCalibrationConstant": 0.7799999713897705,
            "ev": 7.231767177581787,
            "exposureTime": 0.009999999776482582,
            "timestamp": 1000015378730750100,
            "wbNormalizationData": {
                "ccm": {
                    "value": [
                        1.8538780212402344,
                        -0.6229441165924072,
                        -0.23093484342098236,
                        -0.5485281348228455,
                        1.8556270599365234,
                        -0.30709895491600037,
                        -0.06812085211277008,
                        -0.6431403756141663,
                        1.711266040802002
                    ]
                },
                "invCCM": {
                    "value": [
                        0.6411198288367674,
                        0.2352271617115074,
                        0.12365418459210718,
                        0.193152843795107,
                        0.6510263103952112,
                        0.15582289545300368,
                        0.09428614762734636,
                        0.2569038927760153,
                        0.6488252097989301
                    ]
                },
                "whiteBalanceColorGains": [
                    0.9403106421415777,
                    1.0,
                    1.3012043364564427
                ]
            },
            "whiteBalanceTemperature": 4838.0
        },
        "type": 1
    },
    "timestamp": 1000015378730750100
}