{
    "bufferMetadata": {
        "byteSize": 860160,
        "format": 13,
        "height": 640,
        "rowStride": 896,
        "type": 1,
        "width": 832
    },
    "channelIndex": 0,
    "extrinsics": {
        "value": [
            0.9999347426176487,
            -0.0003689257569202054,
            -0.011418160989535738,
            0.0,
            0.0003668739668502641,
            0.999999916178054,
            -0.00018178937826379693,
            0.0,
            0.011418227099227025,
            0.000177588489161995,
            0.9999347941504281,
            0.0,
            0.0,
            0.0,
            0.0,
            1.0
        ]
    },
    "intrinsics": {
        "distortionCoefficients": [
            5.2492451667785645,
            0.204847052693367,
            -0.09155680984258652,
            8.465497970581055,
            -3.7477821024367586e-05,
            -6.70523240842158e-06,
            4.362573146820068,
            -0.5641931295394897
        ],
        "focalLengthX": 0.8780673146247864,
        "focalLengthY": 0.8780673146247864,
        "model": 2,
        "principalPointX": 0.49480119347572327,
        "principalPointY": 0.4892016053199768
    },
    "streamFrame": {
        "channels": 3,
        "dataFlags": 7,
        "frameNumber": 43069,
        "hmdPose": {
            "value": [
                -0.764577146519021,
                0.21228645690676018,
                0.6085690273169037,
                0.0,
                0.16672463766339968,
                0.9772069812987356,
                -0.1314131312881155,
                0.0,
                -0.6225951300736908,
                0.000987974146243742,
                -0.7825435079473191,
                0.0,
                0.23586340248584747,
                0.5027291774749756,
                0.6634896993637085,
                1.0
            ]
        },
        "id": 1,
        "metadata": {
            "cameraCalibrationConstant": 0.7799999713897705,
            "ev": 7.129058361053467,
            "exposureTime": 0.009999999776482582,
            "timestamp": 1000015379132126600,
            "wbNormalizationData": {
                "ccm": {
                    "value": [
                        1.845261573791504,
                        -0.6270225644111633,
                        -0.2182386815547943,
                        -0.5258106589317322,
                        1.850020170211792,
                        -0.32420894503593445,
                        -0.0617075115442276,
                        -0.6459172368049622,
                        1.7076210975646973
                    ]
                },
                "invCCM": {
                    "value": [
                        0.6411198288367674,
                        0.2352271617115074,
                        0.12365418459210718,
                        0.193152843795107,
                        0.6510263103952112,
                        0.15582289545300368,
                        0.09428614762734636,
                        0.2569038927760153,
                        0.6488252097989301
                    ]
                },
                "whiteBalanceColorGains": [
                    0.951533624988744,
                    1.0,
                    1.2504698993605385
                ]
            },
            "whiteBalanceTemperature": 4988.0
        },
        "type": 1
    },
    "timestamp": 1000015379132126600
}