{
    "bufferMetadata": {
        "byteSize": 860160,
        "format": 13,
        "height": 640,
        "rowStride": 896,
        "type": 1,
        "width": 832
    },
    "channelIndex": 0,
    "extrinsics": {
        "value": [
            0.9999347426176487,
            -0.0003689257569202054,
            -0.011418160989535738,
            0.0,
            0.0003668739668502641,
            0.999999916178054,
            -0.00018178937826379693,
            0.0,
            0.011418227099227025,
            0.000177588489161995,
            0.9999347941504281,
            0.0,
            0.0,
            0.0,
            0.0,
            1.0
        ]
    },
    "intrinsics": {
        "distortionCoefficients": [
            5.2492451667785645,
            0.204847052693367,
            -0.09155680984258652,
            8.465497970581055,
            -3.7477821024367586e-05,
            -6.70523240842158e-06,
            4.362573146820068,
            -0.5641931295394897
        ],
        "focalLengthX": 0.8780673146247864,
        "focalLengthY": 0.8780673146247864,
        "model": 2,
        "principalPointX": 0.49480119347572327,
        "principalPointY": 0.4892016053199768
    },
    "streamFrame": {
        "channels": 3,
        "dataFlags": 7,
        "frameNumber": 43066,
        "hmdPose": {
            "value": [
                -0.6991546811025735,
                0.20885011506643877,
                0.6837867680012905,
                0.0,
                0.1455544387045802,
                0.9779335621711888,
                -0.14986611734722616,
                0.0,
                -0.6999975857317723,
                -0.005251399058654294,
                -0.7141258890351982,
                0.0,
                0.23586340248584747,
                0.5027291774749756,
                0.6634896993637085,
                1.0
            ]
        },
        "id": 1,
        "metadata": {
            "cameraCalibrationConstant": 0.7799999713897705,
            "ev": 7.144444942474365,
            "exposureTime": 0.009999999776482582,
            "timestamp": 1000015379098785900,
            "wbNormalizationData": {
                "ccm": {
                    "value": [
                        1.8503462076187134,
                        -0.6318681836128235,
                        -0.21847780048847198,
                        -0.5251356363296509,
                        1.8490617275238037,
                        -0.3239253759384155,
                        -0.06174406036734581,
                        -0.6455920934677124,
                        1.7073335647583008
                    ]
                },
                "invCCM": {
                    "value": [
                        0.6411198288367674,
                        0.2352271617115074,
                        0.12365418459210718,
                        0.193152843795107,
                        0.6510263103952112,
                        0.15582289545300368,
                        0.09428614762734636,
                        0.2569038927760153,
                        0.6488252097989301
                    ]
                },
                "whiteBalanceColorGains": [
                    0.9522097147029096,
                    1.0,
                    1.2516904597618237
                ]
            },
            "whiteBalanceTemperature": 4990.0
        },
        "type": 1
    },
    "timestamp": 1000015379098785900
}