{
    "bufferMetadata": {
        "byteSize": 860160,
        "format": 13,
        "height": 640,
        "rowStride": 896,
        "type": 1,
        "width": 832
    },
    "channelIndex": 0,
    "extrinsics": {
        "value": [
            0.9999347426176487,
            -0.0003689257569202054,
            -0.011418160989535738,
            0.0,
            0.0003668739668502641,
            0.999999916178054,
            -0.00018178937826379693,
            0.0,
            0.011418227099227025,
            0.000177588489161995,
            0.9999347941504281,
            0.0,
            0.0,
            0.0,
            0.0,
            1.0
        ]
    },
    "intrinsics": {
        "distortionCoefficients": [
            5.2492451667785645,
            0.204847052693367,
            -0.09155680984258652,
            8.465497970581055,
            -3.7477821024367586e-05,
            -6.70523240842158e-06,
            4.362573146820068,
            -0.5641931295394897
        ],
        "focalLengthX": 0.8780673146247864,
        "focalLengthY": 0.8780673146247864,
        "model": 2,
        "principalPointX": 0.49480119347572327,
        "principalPointY": 0.4892016053199768
    },
    "streamFrame": {
        "channels": 3,
        "dataFlags": 7,
        "frameNumber": 43165,
        "hmdPose": {
            "value": [
                0.25052368843898276,
                0.10556113728802302,
                0.9623381516727543,
                0.0,
                -0.008730139494728062,
                0.9942434631266599,
                -0.10678820449894832,
                0.0,
                -0.9680711009708307,
                0.01835162799769472,
                0.2500031030763299,
                0.0,
                0.23586340248584747,
                0.5027291774749756,
                0.6634896993637085,
                1.0
            ]
        },
        "id": 1,
        "metadata": {
            "cameraCalibrationConstant": 0.7799999713897705,
            "ev": 7.214954853057861,
            "exposureTime": 0.009999999776482582,
            "timestamp": 1000015380198806900,
            "wbNormalizationData": {
                "ccm": {
                    "value": [
                        1.8465161323547363,
                        -0.6126454472541809,
                        -0.2338716834783554,
                        -0.5522058606147766,
                        1.8576387166976929,
                        -0.3054329454898834,
                        -0.0693950206041336,
                        -0.6450482606887817,
                        1.7144486904144287
                    ]
                },
                "invCCM": {
                    "value": [
                        0.6411198288367674,
                        0.2352271617115074,
                        0.12365418459210718,
                        0.193152843795107,
                        0.6510263103952112,
                        0.15582289545300368,
                        0.09428614762734636,
                        0.2569038927760153,
                        0.6488252097989301
                    ]
                },
                "whiteBalanceColorGains": [
                    0.9375954429717728,
                    1.0,
                    1.304996440689945
                ]
            },
            "whiteBalanceTemperature": 4817.0
        },
        "type": 1
    },
    "timestamp": 1000015380198806900
}