{
    "bufferMetadata": {
        "byteSize": 860160,
        "format": 13,
        "height": 640,
        "rowStride": 896,
        "type": 1,
        "width": 832
    },
    "channelIndex": 0,
    "extrinsics": {
        "value": [
            0.9999347426176487,
            -0.0003689257569202054,
            -0.011418160989535738,
            0.0,
            0.0003668739668502641,
            0.999999916178054,
            -0.00018178937826379693,
            0.0,
            0.011418227099227025,
            0.000177588489161995,
            0.9999347941504281,
            0.0,
            0.0,
            0.0,
            0.0,
            1.0
        ]
    },
    "intrinsics": {
        "distortionCoefficients": [
            5.2492451667785645,
            0.204847052693367,
            -0.09155680984258652,
            8.465497970581055,
            -3.7477821024367586e-05,
            -6.70523240842158e-06,
            4.362573146820068,
            -0.5641931295394897
        ],
        "focalLengthX": 0.8780673146247864,
        "focalLengthY": 0.8780673146247864,
        "model": 2,
        "principalPointX": 0.49480119347572327,
        "principalPointY": 0.4892016053199768
    },
    "streamFrame": {
        "channels": 3,
        "dataFlags": 7,
        "frameNumber": 43170,
        "hmdPose": {
            "value": [
                0.08439116877918795,
                0.1270228661810496,
                0.9883032507414651,
                0.0,
                -0.01927408015080903,
                0.9918639716826789,
                -0.1258346989224578,
                0.0,
                -0.996246271658437,
                -0.008429299242320165,
                0.08615280878009546,
                0.0,
                0.23586340248584747,
                0.5027291774749756,
                0.6634896993637085,
                1.0
            ]
        },
        "id": 1,
        "metadata": {
            "cameraCalibrationConstant": 0.7799999713897705,
            "ev": 7.249734878540039,
            "exposureTime": 0.009999999776482582,
            "timestamp": 1000015380254362000,
            "wbNormalizationData": {
                "ccm": {
                    "value": [
                        1.8533027172088623,
                        -0.6214839816093445,
                        -0.2318195104598999,
                        -0.5478801727294922,
                        1.855413556098938,
                        -0.3075335621833801,
                        -0.06834681332111359,
                        -0.6449489593505859,
                        1.7133009433746338
                    ]
                },
                "invCCM": {
                    "value": [
                        0.6411198288367674,
                        0.2352271617115074,
                        0.12365418459210718,
                        0.193152843795107,
                        0.6510263103952112,
                        0.15582289545300368,
                        0.09428614762734636,
                        0.2569038927760153,
                        0.6488252097989301
                    ]
                },
                "whiteBalanceColorGains": [
                    0.9381975126336202,
                    1.0,
                    1.299309316551751
                ]
            },
            "whiteBalanceTemperature": 4831.0
        },
        "type": 1
    },
    "timestamp": 1000015380254362000
}