{
    "bufferMetadata": {
        "byteSize": 860160,
        "format": 13,
        "height": 640,
        "rowStride": 896,
        "type": 1,
        "width": 832
    },
    "channelIndex": 0,
    "extrinsics": {
        "value": [
            0.9999347426176487,
            -0.0003689257569202054,
            -0.011418160989535738,
            0.0,
            0.0003668739668502641,
            0.999999916178054,
            -0.00018178937826379693,
            0.0,
            0.011418227099227025,
            0.000177588489161995,
            0.9999347941504281,
            0.0,
            0.0,
            0.0,
            0.0,
            1.0
        ]
    },
    "intrinsics": {
        "distortionCoefficients": [
            5.2492451667785645,
            0.204847052693367,
            -0.09155680984258652,
            8.465497970581055,
            -3.7477821024367586e-05,
            -6.70523240842158e-06,
            4.362573146820068,
            -0.5641931295394897
        ],
        "focalLengthX": 0.8780673146247864,
        "focalLengthY": 0.8780673146247864,
        "model": 2,
        "principalPointX": 0.49480119347572327,
        "principalPointY": 0.4892016053199768
    },
    "streamFrame": {
        "channels": 3,
        "dataFlags": 7,
        "frameNumber": 43108,
        "hmdPose": {
            "value": [
                -0.4826501429663501,
                0.1791141142872518,
                0.8573021363843595,
                0.0,
                0.05459362661564892,
                0.9831134237037727,
                -0.17466405420926467,
                0.0,
                -0.8741100359331454,
                -0.037498399471965885,
                -0.4842783234742254,
                0.0,
                0.23586340248584747,
                0.5027291774749756,
                0.6634896993637085,
                1.0
            ]
        },
        "id": 1,
        "metadata": {
            "cameraCalibrationConstant": 0.7799999713897705,
            "ev": 7.082223415374756,
            "exposureTime": 0.009999999776482582,
            "timestamp": 1000015379565463400,
            "wbNormalizationData": {
                "ccm": {
                    "value": [
                        1.8391962051391602,
                        -0.6207546591758728,
                        -0.21844109892845154,
                        -0.5279267430305481,
                        1.851616621017456,
                        -0.3236892521381378,
                        -0.061964500695466995,
                        -0.6466942429542542,
                        1.708654522895813
                    ]
                },
                "invCCM": {
                    "value": [
                        0.6411198288367674,
                        0.2352271617115074,
                        0.12365418459210718,
                        0.193152843795107,
                        0.6510263103952112,
                        0.15582289545300368,
                        0.09428614762734636,
                        0.2569038927760153,
                        0.6488252097989301
                    ]
                },
                "whiteBalanceColorGains": [
                    0.9510134894728588,
                    1.0,
                    1.2549960885234777
                ]
            },
            "whiteBalanceTemperature": 4977.0
        },
        "type": 1
    },
    "timestamp": 1000015379565463400
}