{
    "bufferMetadata": {
        "byteSize": 860160,
        "format": 13,
        "height": 640,
        "rowStride": 896,
        "type": 1,
        "width": 832
    },
    "channelIndex": 0,
    "extrinsics": {
        "value": [
            0.9999347426176487,
            -0.0003689257569202054,
            -0.011418160989535738,
            0.0,
            0.0003668739668502641,
            0.999999916178054,
            -0.00018178937826379693,
            0.0,
            0.011418227099227025,
            0.000177588489161995,
            0.9999347941504281,
            0.0,
            0.0,
            0.0,
            0.0,
            1.0
        ]
    },
    "intrinsics": {
        "distortionCoefficients": [
            5.2492451667785645,
            0.204847052693367,
            -0.09155680984258652,
            8.465497970581055,
            -3.7477821024367586e-05,
            -6.70523240842158e-06,
            4.362573146820068,
            -0.5641931295394897
        ],
        "focalLengthX": 0.8780673146247864,
        "focalLengthY": 0.8780673146247864,
        "model": 2,
        "principalPointX": 0.49480119347572327,
        "principalPointY": 0.4892016053199768
    },
    "streamFrame": {
        "channels": 3,
        "dataFlags": 7,
        "frameNumber": 43081,
        "hmdPose": {
            "value": [
                -0.8823454141543667,
                0.1428358113055777,
                0.4484021275887092,
                0.0,
                0.13249158806747685,
                0.989682107874556,
                -0.05454634967512487,
                0.0,
                -0.45156673494486027,
                0.011280788101917478,
                -0.8921660128221516,
                0.0,
                0.23586340248584747,
                0.5027291774749756,
                0.6634896993637085,
                1.0
            ]
        },
        "id": 1,
        "metadata": {
            "cameraCalibrationConstant": 0.7799999713897705,
            "ev": 7.089754104614258,
            "exposureTime": 0.009999999776482582,
            "timestamp": 1000015379265461000,
            "wbNormalizationData": {
                "ccm": {
                    "value": [
                        1.858253836631775,
                        -0.6395758986473083,
                        -0.21867778897285461,
                        -0.5258393883705139,
                        1.848414421081543,
                        -0.32257452607154846,
                        -0.06198842450976372,
                        -0.6477305889129639,
                        1.7097164392471313
                    ]
                },
                "invCCM": {
                    "value": [
                        0.6411198288367674,
                        0.2352271617115074,
                        0.12365418459210718,
                        0.193152843795107,
                        0.6510263103952112,
                        0.15582289545300368,
                        0.09428614762734636,
                        0.2569038927760153,
                        0.6488252097989301
                    ]
                },
                "whiteBalanceColorGains": [
                    0.9507573122567496,
                    1.0,
                    1.2628195273148812
                ]
            },
            "whiteBalanceTemperature": 4962.0
        },
        "type": 1
    },
    "timestamp": 1000015379265461000
}