{
    "bufferMetadata": {
        "byteSize": 860160,
        "format": 13,
        "height": 640,
        "rowStride": 896,
        "type": 1,
        "width": 832
    },
    "channelIndex": 0,
    "extrinsics": {
        "value": [
            0.9999347426176487,
            -0.0003689257569202054,
            -0.011418160989535738,
            0.0,
            0.0003668739668502641,
            0.999999916178054,
            -0.00018178937826379693,
            0.0,
            0.011418227099227025,
            0.000177588489161995,
            0.9999347941504281,
            0.0,
            0.0,
            0.0,
            0.0,
            1.0
        ]
    },
    "intrinsics": {
        "distortionCoefficients": [
            5.2492451667785645,
            0.204847052693367,
            -0.09155680984258652,
            8.465497970581055,
            -3.7477821024367586e-05,
            -6.70523240842158e-06,
            4.362573146820068,
            -0.5641931295394897
        ],
        "focalLengthX": 0.8780673146247864,
        "focalLengthY": 0.8780673146247864,
        "model": 2,
        "principalPointX": 0.49480119347572327,
        "principalPointY": 0.4892016053199768
    },
    "streamFrame": {
        "channels": 3,
        "dataFlags": 7,
        "frameNumber": 43079,
        "hmdPose": {
            "value": [
                -0.8765131139111471,
                0.16102563289056782,
                0.45364688929457897,
                0.0,
                0.1476031944428825,
                0.9869007333999775,
                -0.06511712032390614,
                0.0,
                -0.45818997326950806,
                0.009883720008859828,
                -0.8887993327540298,
                0.0,
                0.23586340248584747,
                0.5027291774749756,
                0.6634896993637085,
                1.0
            ]
        },
        "id": 1,
        "metadata": {
            "cameraCalibrationConstant": 0.7799999713897705,
            "ev": 7.0933451652526855,
            "exposureTime": 0.009999999776482582,
            "timestamp": 1000015379243238600,
            "wbNormalizationData": {
                "ccm": {
                    "value": [
                        1.8531831502914429,
                        -0.6349066495895386,
                        -0.21827614307403564,
                        -0.5262477993965149,
                        1.8492374420166016,
                        -0.32298919558525085,
                        -0.06185464560985565,
                        -0.6470208764076233,
                        1.7088723182678223
                    ]
                },
                "invCCM": {
                    "value": [
                        0.6411198288367674,
                        0.2352271617115074,
                        0.12365418459210718,
                        0.193152843795107,
                        0.6510263103952112,
                        0.15582289545300368,
                        0.09428614762734636,
                        0.2569038927760153,
                        0.6488252097989301
                    ]
                },
                "whiteBalanceColorGains": [
                    0.9509543000329997,
                    1.0,
                    1.2597391636556434
                ]
            },
            "whiteBalanceTemperature": 4969.0
        },
        "type": 1
    },
    "timestamp": 1000015379243238600
}