{
    "bufferMetadata": {
        "byteSize": 860160,
        "format": 13,
        "height": 640,
        "rowStride": 896,
        "type": 1,
        "width": 832
    },
    "channelIndex": 0,
    "extrinsics": {
        "value": [
            0.9999347426176487,
            -0.0003689257569202054,
            -0.011418160989535738,
            0.0,
            0.0003668739668502641,
            0.999999916178054,
            -0.00018178937826379693,
            0.0,
            0.011418227099227025,
            0.000177588489161995,
            0.9999347941504281,
            0.0,
            0.0,
            0.0,
            0.0,
            1.0
        ]
    },
    "intrinsics": {
        "distortionCoefficients": [
            5.2492451667785645,
            0.204847052693367,
            -0.09155680984258652,
            8.465497970581055,
            -3.7477821024367586e-05,
            -6.70523240842158e-06,
            4.362573146820068,
            -0.5641931295394897
        ],
        "focalLengthX": 0.8780673146247864,
        "focalLengthY": 0.8780673146247864,
        "model": 2,
        "principalPointX": 0.49480119347572327,
        "principalPointY": 0.4892016053199768
    },
    "streamFrame": {
        "channels": 3,
        "dataFlags": 7,
        "frameNumber": 42994,
        "hmdPose": {
            "value": [
                0.057933662360687865,
                0.13867977850205623,
                0.9886413135704324,
                0.0,
                -0.07681231357090745,
                0.9879881288625016,
                -0.13408700974993765,
                0.0,
                -0.9953610381904316,
                -0.06817167105488835,
                0.06789008487358084,
                0.0,
                0.23586340248584747,
                0.5027291774749756,
                0.6634896993637085,
                1.0
            ]
        },
        "id": 1,
        "metadata": {
            "cameraCalibrationConstant": 0.7799999713897705,
            "ev": 7.056978702545166,
            "exposureTime": 0.009999999776482582,
            "timestamp": 1000015378298787700,
            "wbNormalizationData": {
                "ccm": {
                    "value": [
                        1.8446526527404785,
                        -0.6254160404205322,
                        -0.21923613548278809,
                        -0.5244063138961792,
                        1.84925377368927,
                        -0.3248470723628998,
                        -0.061802320182323456,
                        -0.6430821418762207,
                        1.704883098602295
                    ]
                },
                "invCCM": {
                    "value": [
                        0.6411198288367674,
                        0.2352271617115074,
                        0.12365418459210718,
                        0.193152843795107,
                        0.6510263103952112,
                        0.15582289545300368,
                        0.09428614762734636,
                        0.2569038927760153,
                        0.6488252097989301
                    ]
                },
                "whiteBalanceColorGains": [
                    0.9494776897709875,
                    1.0,
                    1.2491338526452924
                ]
            },
            "whiteBalanceTemperature": 4980.0
        },
        "type": 1
    },
    "timestamp": 1000015378298787700
}