{
    "bufferMetadata": {
        "byteSize": 860160,
        "format": 13,
        "height": 640,
        "rowStride": 896,
        "type": 1,
        "width": 832
    },
    "channelIndex": 0,
    "extrinsics": {
        "value": [
            0.9999347426176487,
            -0.0003689257569202054,
            -0.011418160989535738,
            0.0,
            0.0003668739668502641,
            0.999999916178054,
            -0.00018178937826379693,
            0.0,
            0.011418227099227025,
            0.000177588489161995,
            0.9999347941504281,
            0.0,
            0.0,
            0.0,
            0.0,
            1.0
        ]
    },
    "intrinsics": {
        "distortionCoefficients": [
            5.2492451667785645,
            0.204847052693367,
            -0.09155680984258652,
            8.465497970581055,
            -3.7477821024367586e-05,
            -6.70523240842158e-06,
            4.362573146820068,
            -0.5641931295394897
        ],
        "focalLengthX": 0.8780673146247864,
        "focalLengthY": 0.8780673146247864,
        "model": 2,
        "principalPointX": 0.49480119347572327,
        "principalPointY": 0.4892016053199768
    },
    "streamFrame": {
        "channels": 3,
        "dataFlags": 7,
        "frameNumber": 43105,
        "hmdPose": {
            "value": [
                -0.5676895956876244,
                0.18636869006235068,
                0.8018698436495493,
                0.0,
                0.07779060937088066,
                0.98182373054077,
                -0.17312071908934923,
                0.0,
                -0.8195591228726675,
                -0.0359008864618936,
                -0.5718688506476737,
                0.0,
                0.23586340248584747,
                0.5027291774749756,
                0.6634896993637085,
                1.0
            ]
        },
        "id": 1,
        "metadata": {
            "cameraCalibrationConstant": 0.7799999713897705,
            "ev": 7.082061290740967,
            "exposureTime": 0.009999999776482582,
            "timestamp": 1000015379532129800,
            "wbNormalizationData": {
                "ccm": {
                    "value": [
                        1.8445032835006714,
                        -0.6256501078605652,
                        -0.2188529521226883,
                        -0.5281183123588562,
                        1.8509716987609863,
                        -0.3228527307510376,
                        -0.06216247007250786,
                        -0.6469982266426086,
                        1.7091569900512695
                    ]
                },
                "invCCM": {
                    "value": [
                        0.6411198288367674,
                        0.2352271617115074,
                        0.12365418459210718,
                        0.193152843795107,
                        0.6510263103952112,
                        0.15582289545300368,
                        0.09428614762734636,
                        0.2569038927760153,
                        0.6488252097989301
                    ]
                },
                "whiteBalanceColorGains": [
                    0.9509455878794925,
                    1.0,
                    1.2591311300341892
                ]
            },
            "whiteBalanceTemperature": 4970.0
        },
        "type": 1
    },
    "timestamp": 1000015379532129800
}