{
    "bufferMetadata": {
        "byteSize": 860160,
        "format": 13,
        "height": 640,
        "rowStride": 896,
        "type": 1,
        "width": 832
    },
    "channelIndex": 0,
    "extrinsics": {
        "value": [
            0.9999347426176487,
            -0.0003689257569202054,
            -0.011418160989535738,
            0.0,
            0.0003668739668502641,
            0.999999916178054,
            -0.00018178937826379693,
            0.0,
            0.011418227099227025,
            0.000177588489161995,
            0.9999347941504281,
            0.0,
            0.0,
            0.0,
            0.0,
            1.0
        ]
    },
    "intrinsics": {
        "distortionCoefficients": [
            5.2492451667785645,
            0.204847052693367,
            -0.09155680984258652,
            8.465497970581055,
            -3.7477821024367586e-05,
            -6.70523240842158e-06,
            4.362573146820068,
            -0.5641931295394897
        ],
        "focalLengthX": 0.8780673146247864,
        "focalLengthY": 0.8780673146247864,
        "model": 2,
        "principalPointX": 0.49480119347572327,
        "principalPointY": 0.4892016053199768
    },
    "streamFrame": {
        "channels": 3,
        "dataFlags": 7,
        "frameNumber": 43148,
        "hmdPose": {
            "value": [
                0.5152798732988164,
                0.11078037432922272,
                0.8498319608921373,
                0.0,
                0.01648756973041441,
                0.9901455742728206,
                -0.13906797550470346,
                0.0,
                -0.8568633573299086,
                0.08567059256284723,
                0.5083755869093773,
                0.0,
                0.23586340248584747,
                0.5027291774749756,
                0.6634896993637085,
                1.0
            ]
        },
        "id": 1,
        "metadata": {
            "cameraCalibrationConstant": 0.7799999713897705,
            "ev": 7.089451313018799,
            "exposureTime": 0.009999999776482582,
            "timestamp": 1000015380009916400,
            "wbNormalizationData": {
                "ccm": {
                    "value": [
                        1.8508497476577759,
                        -0.61822909116745,
                        -0.23262150585651398,
                        -0.5480817556381226,
                        1.85575270652771,
                        -0.307670921087265,
                        -0.06861655414104462,
                        -0.6462739706039429,
                        1.7148948907852173
                    ]
                },
                "invCCM": {
                    "value": [
                        0.6411198288367674,
                        0.2352271617115074,
                        0.12365418459210718,
                        0.193152843795107,
                        0.6510263103952112,
                        0.15582289545300368,
                        0.09428614762734636,
                        0.2569038927760153,
                        0.6488252097989301
                    ]
                },
                "whiteBalanceColorGains": [
                    0.9388781911919996,
                    1.0,
                    1.2980373884209122
                ]
            },
            "whiteBalanceTemperature": 4837.0
        },
        "type": 1
    },
    "timestamp": 1000015380009916400
}