{
    "bufferMetadata": {
        "byteSize": 860160,
        "format": 13,
        "height": 640,
        "rowStride": 896,
        "type": 1,
        "width": 832
    },
    "channelIndex": 0,
    "extrinsics": {
        "value": [
            0.9999347426176487,
            -0.0003689257569202054,
            -0.011418160989535738,
            0.0,
            0.0003668739668502641,
            0.999999916178054,
            -0.00018178937826379693,
            0.0,
            0.011418227099227025,
            0.000177588489161995,
            0.9999347941504281,
            0.0,
            0.0,
            0.0,
            0.0,
            1.0
        ]
    },
    "intrinsics": {
        "distortionCoefficients": [
            5.2492451667785645,
            0.204847052693367,
            -0.09155680984258652,
            8.465497970581055,
            -3.7477821024367586e-05,
            -6.70523240842158e-06,
            4.362573146820068,
            -0.5641931295394897
        ],
        "focalLengthX": 0.8780673146247864,
        "focalLengthY": 0.8780673146247864,
        "model": 2,
        "principalPointX": 0.49480119347572327,
        "principalPointY": 0.4892016053199768
    },
    "streamFrame": {
        "channels": 3,
        "dataFlags": 7,
        "frameNumber": 43116,
        "hmdPose": {
            "value": [
                -0.23611549318267921,
                0.1547406002175543,
                0.9593251949830717,
                0.0,
                0.006406271528032095,
                0.987465813457832,
                -0.1577029708994691,
                0.0,
                -0.9717038863615328,
                -0.031090416364544154,
                -0.2341472879010389,
                0.0,
                0.23586340248584747,
                0.5027291774749756,
                0.6634896993637085,
                1.0
            ]
        },
        "id": 1,
        "metadata": {
            "cameraCalibrationConstant": 0.7799999713897705,
            "ev": 7.068615436553955,
            "exposureTime": 0.009999999776482582,
            "timestamp": 1000015379654353900,
            "wbNormalizationData": {
                "ccm": {
                    "value": [
                        1.8299305438995361,
                        -0.6109335422515869,
                        -0.21899671852588654,
                        -0.529362678527832,
                        1.8531962633132935,
                        -0.32383283972740173,
                        -0.062191665172576904,
                        -0.6454684138298035,
                        1.7076557874679565
                    ]
                },
                "invCCM": {
                    "value": [
                        0.6411198288367674,
                        0.2352271617115074,
                        0.12365418459210718,
                        0.193152843795107,
                        0.6510263103952112,
                        0.15582289545300368,
                        0.09428614762734636,
                        0.2569038927760153,
                        0.6488252097989301
                    ]
                },
                "whiteBalanceColorGains": [
                    0.9488841992526701,
                    1.0,
                    1.2481991542661568
                ]
            },
            "whiteBalanceTemperature": 4980.0
        },
        "type": 1
    },
    "timestamp": 1000015379654353900
}