{
    "bufferMetadata": {
        "byteSize": 860160,
        "format": 13,
        "height": 640,
        "rowStride": 896,
        "type": 1,
        "width": 832
    },
    "channelIndex": 0,
    "extrinsics": {
        "value": [
            0.9999347426176487,
            -0.0003689257569202054,
            -0.011418160989535738,
            0.0,
            0.0003668739668502641,
            0.999999916178054,
            -0.00018178937826379693,
            0.0,
            0.011418227099227025,
            0.000177588489161995,
            0.9999347941504281,
            0.0,
            0.0,
            0.0,
            0.0,
            1.0
        ]
    },
    "intrinsics": {
        "distortionCoefficients": [
            5.2492451667785645,
            0.204847052693367,
            -0.09155680984258652,
            8.465497970581055,
            -3.7477821024367586e-05,
            -6.70523240842158e-06,
            4.362573146820068,
            -0.5641931295394897
        ],
        "focalLengthX": 0.8780673146247864,
        "focalLengthY": 0.8780673146247864,
        "model": 2,
        "principalPointX": 0.49480119347572327,
        "principalPointY": 0.4892016053199768
    },
    "streamFrame": {
        "channels": 3,
        "dataFlags": 7,
        "frameNumber": 43067,
        "hmdPose": {
            "value": [
                -0.7221057857701578,
                0.2111756240471616,
                0.6587625772162988,
                0.0,
                0.15404554852402066,
                0.9774439878571969,
                -0.14447567320230037,
                0.0,
                -0.6744132607773232,
                -0.0028472751212623854,
                -0.7383486238183243,
                0.0,
                0.23586340248584747,
                0.5027291774749756,
                0.6634896993637085,
                1.0
            ]
        },
        "id": 1,
        "metadata": {
            "cameraCalibrationConstant": 0.7799999713897705,
            "ev": 7.139042854309082,
            "exposureTime": 0.009999999776482582,
            "timestamp": 1000015379109897000,
            "wbNormalizationData": {
                "ccm": {
                    "value": [
                        1.8480814695358276,
                        -0.6297620534896851,
                        -0.21831917762756348,
                        -0.5253174901008606,
                        1.849452257156372,
                        -0.3241341710090637,
                        -0.0616992749273777,
                        -0.6457673907279968,
                        1.7074636220932007
                    ]
                },
                "invCCM": {
                    "value": [
                        0.6411198288367674,
                        0.2352271617115074,
                        0.12365418459210718,
                        0.193152843795107,
                        0.6510263103952112,
                        0.15582289545300368,
                        0.09428614762734636,
                        0.2569038927760153,
                        0.6488252097989301
                    ]
                },
                "whiteBalanceColorGains": [
                    0.9517788953867219,
                    1.0,
                    1.2504847146395115
                ]
            },
            "whiteBalanceTemperature": 4990.0
        },
        "type": 1
    },
    "timestamp": 1000015379109897000
}