{
    "bufferMetadata": {
        "byteSize": 860160,
        "format": 13,
        "height": 640,
        "rowStride": 896,
        "type": 1,
        "width": 832
    },
    "channelIndex": 0,
    "extrinsics": {
        "value": [
            0.9999347426176487,
            -0.0003689257569202054,
            -0.011418160989535738,
            0.0,
            0.0003668739668502641,
            0.999999916178054,
            -0.00018178937826379693,
            0.0,
            0.011418227099227025,
            0.000177588489161995,
            0.9999347941504281,
            0.0,
            0.0,
            0.0,
            0.0,
            1.0
        ]
    },
    "intrinsics": {
        "distortionCoefficients": [
            5.2492451667785645,
            0.204847052693367,
            -0.09155680984258652,
            8.465497970581055,
            -3.7477821024367586e-05,
            -6.70523240842158e-06,
            4.362573146820068,
            -0.5641931295394897
        ],
        "focalLengthX": 0.8780673146247864,
        "focalLengthY": 0.8780673146247864,
        "model": 2,
        "principalPointX": 0.49480119347572327,
        "principalPointY": 0.4892016053199768
    },
    "streamFrame": {
        "channels": 3,
        "dataFlags": 7,
        "frameNumber": 43137,
        "hmdPose": {
            "value": [
                0.39351090581058124,
                0.1380554144483669,
                0.9088948596911495,
                0.0,
                0.009136352243707901,
                0.9880238910976299,
                -0.15403024903359536,
                0.0,
                -0.919274545769208,
                0.06891656615910406,
                0.38753685347046996,
                0.0,
                0.23586340248584747,
                0.5027291774749756,
                0.6634896993637085,
                1.0
            ]
        },
        "id": 1,
        "metadata": {
            "cameraCalibrationConstant": 0.7799999713897705,
            "ev": 7.051011562347412,
            "exposureTime": 0.009999999776482582,
            "timestamp": 1000015379887693200,
            "wbNormalizationData": {
                "ccm": {
                    "value": [
                        1.863171935081482,
                        -0.6372023820877075,
                        -0.2259698510169983,
                        -0.5352221727371216,
                        1.8502283096313477,
                        -0.31500592827796936,
                        -0.06526828557252884,
                        -0.6461916565895081,
                        1.7114622592926025
                    ]
                },
                "invCCM": {
                    "value": [
                        0.6411198288367674,
                        0.2352271617115074,
                        0.12365418459210718,
                        0.193152843795107,
                        0.6510263103952112,
                        0.15582289545300368,
                        0.09428614762734636,
                        0.2569038927760153,
                        0.6488252097989301
                    ]
                },
                "whiteBalanceColorGains": [
                    0.9430294325807673,
                    1.0,
                    1.2781775069577164
                ]
            },
            "whiteBalanceTemperature": 4894.0
        },
        "type": 1
    },
    "timestamp": 1000015379887693200
}