{
    "bufferMetadata": {
        "byteSize": 860160,
        "format": 13,
        "height": 640,
        "rowStride": 896,
        "type": 1,
        "width": 832
    },
    "channelIndex": 0,
    "extrinsics": {
        "value": [
            0.9999347426176487,
            -0.0003689257569202054,
            -0.011418160989535738,
            0.0,
            0.0003668739668502641,
            0.999999916178054,
            -0.00018178937826379693,
            0.0,
            0.011418227099227025,
            0.000177588489161995,
            0.9999347941504281,
            0.0,
            0.0,
            0.0,
            0.0,
            1.0
        ]
    },
    "intrinsics": {
        "distortionCoefficients": [
            5.2492451667785645,
            0.204847052693367,
            -0.09155680984258652,
            8.465497970581055,
            -3.7477821024367586e-05,
            -6.70523240842158e-06,
            4.362573146820068,
            -0.5641931295394897
        ],
        "focalLengthX": 0.8780673146247864,
        "focalLengthY": 0.8780673146247864,
        "model": 2,
        "principalPointX": 0.49480119347572327,
        "principalPointY": 0.4892016053199768
    },
    "streamFrame": {
        "channels": 3,
        "dataFlags": 7,
        "frameNumber": 43115,
        "hmdPose": {
            "value": [
                -0.2674662912618977,
                0.15826014640860886,
                0.9504817126388209,
                0.0,
                0.011266706258722822,
                0.9868659640074113,
                -0.1611478519096301,
                0.0,
                -0.9635013343696935,
                -0.0323928217933251,
                -0.26573644981263067,
                0.0,
                0.23586340248584747,
                0.5027291774749756,
                0.6634896993637085,
                1.0
            ]
        },
        "id": 1,
        "metadata": {
            "cameraCalibrationConstant": 0.7799999713897705,
            "ev": 7.0715131759643555,
            "exposureTime": 0.009999999776482582,
            "timestamp": 1000015379643242600,
            "wbNormalizationData": {
                "ccm": {
                    "value": [
                        1.830244541168213,
                        -0.6115943789482117,
                        -0.21864977478981018,
                        -0.5290223956108093,
                        1.8530817031860352,
                        -0.32405856251716614,
                        -0.06205213442444801,
                        -0.6455475687980652,
                        1.7075952291488647
                    ]
                },
                "invCCM": {
                    "value": [
                        0.6411198288367674,
                        0.2352271617115074,
                        0.12365418459210718,
                        0.193152843795107,
                        0.6510263103952112,
                        0.15582289545300368,
                        0.09428614762734636,
                        0.2569038927760153,
                        0.6488252097989301
                    ]
                },
                "whiteBalanceColorGains": [
                    0.9494368557079835,
                    1.0,
                    1.248384466690031
                ]
            },
            "whiteBalanceTemperature": 4982.0
        },
        "type": 1
    },
    "timestamp": 1000015379643242600
}