{
    "bufferMetadata": {
        "byteSize": 860160,
        "format": 13,
        "height": 640,
        "rowStride": 896,
        "type": 1,
        "width": 832
    },
    "channelIndex": 0,
    "extrinsics": {
        "value": [
            0.9999347426176487,
            -0.0003689257569202054,
            -0.011418160989535738,
            0.0,
            0.0003668739668502641,
            0.999999916178054,
            -0.00018178937826379693,
            0.0,
            0.011418227099227025,
            0.000177588489161995,
            0.9999347941504281,
            0.0,
            0.0,
            0.0,
            0.0,
            1.0
        ]
    },
    "intrinsics": {
        "distortionCoefficients": [
            5.2492451667785645,
            0.204847052693367,
            -0.09155680984258652,
            8.465497970581055,
            -3.7477821024367586e-05,
            -6.70523240842158e-06,
            4.362573146820068,
            -0.5641931295394897
        ],
        "focalLengthX": 0.8780673146247864,
        "focalLengthY": 0.8780673146247864,
        "model": 2,
        "principalPointX": 0.49480119347572327,
        "principalPointY": 0.4892016053199768
    },
    "streamFrame": {
        "channels": 3,
        "dataFlags": 7,
        "frameNumber": 43019,
        "hmdPose": {
            "value": [
                0.5107306481969341,
                0.10831145245246429,
                0.8528908587042124,
                0.0,
                -0.07616904329843982,
                0.9938320758687065,
                -0.08059827292294992,
                0.0,
                -0.8563600086625786,
                -0.02379987442822946,
                0.5158304802192424,
                0.0,
                0.23586340248584747,
                0.5027291774749756,
                0.6634896993637085,
                1.0
            ]
        },
        "id": 1,
        "metadata": {
            "cameraCalibrationConstant": 0.7799999713897705,
            "ev": 7.143486022949219,
            "exposureTime": 0.009999999776482582,
            "timestamp": 1000015378576417200,
            "wbNormalizationData": {
                "ccm": {
                    "value": [
                        1.8662794828414917,
                        -0.6372592449188232,
                        -0.22902101278305054,
                        -0.5434393882751465,
                        1.85238516330719,
                        -0.3089456558227539,
                        -0.06708232313394547,
                        -0.6432327032089233,
                        1.710319995880127
                    ]
                },
                "invCCM": {
                    "value": [
                        0.6411198288367674,
                        0.2352271617115074,
                        0.12365418459210718,
                        0.193152843795107,
                        0.6510263103952112,
                        0.15582289545300368,
                        0.09428614762734636,
                        0.2569038927760153,
                        0.6488252097989301
                    ]
                },
                "whiteBalanceColorGains": [
                    0.9427877534521742,
                    1.0,
                    1.2966063781961839
                ]
            },
            "whiteBalanceTemperature": 4860.0
        },
        "type": 1
    },
    "timestamp": 1000015378576417200
}