{
    "bufferMetadata": {
        "byteSize": 860160,
        "format": 13,
        "height": 640,
        "rowStride": 896,
        "type": 1,
        "width": 832
    },
    "channelIndex": 0,
    "extrinsics": {
        "value": [
            0.9999347426176487,
            -0.0003689257569202054,
            -0.011418160989535738,
            0.0,
            0.0003668739668502641,
            0.999999916178054,
            -0.00018178937826379693,
            0.0,
            0.011418227099227025,
            0.000177588489161995,
            0.9999347941504281,
            0.0,
            0.0,
            0.0,
            0.0,
            1.0
        ]
    },
    "intrinsics": {
        "distortionCoefficients": [
            5.2492451667785645,
            0.204847052693367,
            -0.09155680984258652,
            8.465497970581055,
            -3.7477821024367586e-05,
            -6.70523240842158e-06,
            4.362573146820068,
            -0.5641931295394897
        ],
        "focalLengthX": 0.8780673146247864,
        "focalLengthY": 0.8780673146247864,
        "model": 2,
        "principalPointX": 0.49480119347572327,
        "principalPointY": 0.4892016053199768
    },
    "streamFrame": {
        "channels": 3,
        "dataFlags": 7,
        "frameNumber": 43003,
        "hmdPose": {
            "value": [
                0.3149256639568988,
                0.12199855022724476,
                0.9412428853336356,
                0.0,
                -0.12438196516935021,
                0.9884566579786869,
                -0.0865018026249998,
                0.0,
                -0.9409308912929513,
                -0.08983200353556804,
                0.3264647889124398,
                0.0,
                0.23586340248584747,
                0.5027291774749756,
                0.6634896993637085,
                1.0
            ]
        },
        "id": 1,
        "metadata": {
            "cameraCalibrationConstant": 0.7799999713897705,
            "ev": 7.072050094604492,
            "exposureTime": 0.009999999776482582,
            "timestamp": 1000015378398784800,
            "wbNormalizationData": {
                "ccm": {
                    "value": [
                        1.8738640546798706,
                        -0.6519973874092102,
                        -0.2218666523694992,
                        -0.5274728536605835,
                        1.8463815450668335,
                        -0.3189084529876709,
                        -0.0632108673453331,
                        -0.6439430117607117,
                        1.7071563005447388
                    ]
                },
                "invCCM": {
                    "value": [
                        0.6411198288367674,
                        0.2352271617115074,
                        0.12365418459210718,
                        0.193152843795107,
                        0.6510263103952112,
                        0.15582289545300368,
                        0.09428614762734636,
                        0.2569038927760153,
                        0.6488252097989301
                    ]
                },
                "whiteBalanceColorGains": [
                    0.947110710721522,
                    1.0,
                    1.2688348948880244
                ]
            },
            "whiteBalanceTemperature": 4932.0
        },
        "type": 1
    },
    "timestamp": 1000015378398784800
}