{
    "bufferMetadata": {
        "byteSize": 860160,
        "format": 13,
        "height": 640,
        "rowStride": 896,
        "type": 1,
        "width": 832
    },
    "channelIndex": 0,
    "extrinsics": {
        "value": [
            0.9999347426176487,
            -0.0003689257569202054,
            -0.011418160989535738,
            0.0,
            0.0003668739668502641,
            0.999999916178054,
            -0.00018178937826379693,
            0.0,
            0.011418227099227025,
            0.000177588489161995,
            0.9999347941504281,
            0.0,
            0.0,
            0.0,
            0.0,
            1.0
        ]
    },
    "intrinsics": {
        "distortionCoefficients": [
            5.2492451667785645,
            0.204847052693367,
            -0.09155680984258652,
            8.465497970581055,
            -3.7477821024367586e-05,
            -6.70523240842158e-06,
            4.362573146820068,
            -0.5641931295394897
        ],
        "focalLengthX": 0.8780673146247864,
        "focalLengthY": 0.8780673146247864,
        "model": 2,
        "principalPointX": 0.49480119347572327,
        "principalPointY": 0.4892016053199768
    },
    "streamFrame": {
        "channels": 3,
        "dataFlags": 7,
        "frameNumber": 43111,
        "hmdPose": {
            "value": [
                -0.39090350015415143,
                0.16928171881998616,
                0.9047309646379535,
                0.0,
                0.0341516644362108,
                0.9849327245432272,
                -0.16953227292288453,
                0.0,
                -0.9197978487241678,
                -0.03537269313346236,
                -0.39079490170643005,
                0.0,
                0.23586340248584747,
                0.5027291774749756,
                0.6634896993637085,
                1.0
            ]
        },
        "id": 1,
        "metadata": {
            "cameraCalibrationConstant": 0.7799999713897705,
            "ev": 7.079657077789307,
            "exposureTime": 0.009999999776482582,
            "timestamp": 1000015379598797000,
            "wbNormalizationData": {
                "ccm": {
                    "value": [
                        1.8351801633834839,
                        -0.6167190074920654,
                        -0.2184607982635498,
                        -0.5283747911453247,
                        1.852277398109436,
                        -0.3239019811153412,
                        -0.06197945401072502,
                        -0.6463520526885986,
                        1.708327054977417
                    ]
                },
                "invCCM": {
                    "value": [
                        0.6411198288367674,
                        0.2352271617115074,
                        0.12365418459210718,
                        0.193152843795107,
                        0.6510263103952112,
                        0.15582289545300368,
                        0.09428614762734636,
                        0.2569038927760153,
                        0.6488252097989301
                    ]
                },
                "whiteBalanceColorGains": [
                    0.950660614003317,
                    1.0,
                    1.2515176553193774
                ]
            },
            "whiteBalanceTemperature": 4982.0
        },
        "type": 1
    },
    "timestamp": 1000015379598797000
}