{
    "bufferMetadata": {
        "byteSize": 860160,
        "format": 13,
        "height": 640,
        "rowStride": 896,
        "type": 1,
        "width": 832
    },
    "channelIndex": 0,
    "extrinsics": {
        "value": [
            0.9999347426176487,
            -0.0003689257569202054,
            -0.011418160989535738,
            0.0,
            0.0003668739668502641,
            0.999999916178054,
            -0.00018178937826379693,
            0.0,
            0.011418227099227025,
            0.000177588489161995,
            0.9999347941504281,
            0.0,
            0.0,
            0.0,
            0.0,
            1.0
        ]
    },
    "intrinsics": {
        "distortionCoefficients": [
            5.2492451667785645,
            0.204847052693367,
            -0.09155680984258652,
            8.465497970581055,
            -3.7477821024367586e-05,
            -6.70523240842158e-06,
            4.362573146820068,
            -0.5641931295394897
        ],
        "focalLengthX": 0.8780673146247864,
        "focalLengthY": 0.8780673146247864,
        "model": 2,
        "principalPointX": 0.49480119347572327,
        "principalPointY": 0.4892016053199768
    },
    "streamFrame": {
        "channels": 3,
        "dataFlags": 7,
        "frameNumber": 43060,
        "hmdPose": {
            "value": [
                -0.5316731842101139,
                0.19803187361468705,
                0.8234725503742277,
                0.0,
                0.09263988473902314,
                0.9800443081857773,
                -0.1758721304137167,
                0.0,
                -0.8418678732097566,
                -0.017220090980464578,
                -0.5394089281020031,
                0.0,
                0.23586340248584747,
                0.5027291774749756,
                0.6634896993637085,
                1.0
            ]
        },
        "id": 1,
        "metadata": {
            "cameraCalibrationConstant": 0.7799999713897705,
            "ev": 7.188299655914307,
            "exposureTime": 0.009999999776482582,
            "timestamp": 1000015379032104200,
            "wbNormalizationData": {
                "ccm": {
                    "value": [
                        1.865246295928955,
                        -0.6455000638961792,
                        -0.21974600851535797,
                        -0.5245254039764404,
                        1.8467354774475098,
                        -0.3222096562385559,
                        -0.06218907982110977,
                        -0.6454050540924072,
                        1.7075939178466797
                    ]
                },
                "invCCM": {
                    "value": [
                        0.6411198288367674,
                        0.2352271617115074,
                        0.12365418459210718,
                        0.193152843795107,
                        0.6510263103952112,
                        0.15582289545300368,
                        0.09428614762734636,
                        0.2569038927760153,
                        0.6488252097989301
                    ]
                },
                "whiteBalanceColorGains": [
                    0.9510325098996001,
                    1.0,
                    1.2592575456523107
                ]
            },
            "whiteBalanceTemperature": 4970.0
        },
        "type": 1
    },
    "timestamp": 1000015379032104200
}