{
    "bufferMetadata": {
        "byteSize": 860160,
        "format": 13,
        "height": 640,
        "rowStride": 896,
        "type": 1,
        "width": 832
    },
    "channelIndex": 0,
    "extrinsics": {
        "value": [
            0.9999347426176487,
            -0.0003689257569202054,
            -0.011418160989535738,
            0.0,
            0.0003668739668502641,
            0.999999916178054,
            -0.00018178937826379693,
            0.0,
            0.011418227099227025,
            0.000177588489161995,
            0.9999347941504281,
            0.0,
            0.0,
            0.0,
            0.0,
            1.0
        ]
    },
    "intrinsics": {
        "distortionCoefficients": [
            5.2492451667785645,
            0.204847052693367,
            -0.09155680984258652,
            8.465497970581055,
            -3.7477821024367586e-05,
            -6.70523240842158e-06,
            4.362573146820068,
            -0.5641931295394897
        ],
        "focalLengthX": 0.8780673146247864,
        "focalLengthY": 0.8780673146247864,
        "model": 2,
        "principalPointX": 0.49480119347572327,
        "principalPointY": 0.4892016053199768
    },
    "streamFrame": {
        "channels": 3,
        "dataFlags": 7,
        "frameNumber": 43017,
        "hmdPose": {
            "value": [
                0.5063961432742593,
                0.10831668981630041,
                0.8554708792701718,
                0.0,
                -0.08536233744304944,
                0.9935032264505153,
                -0.07526360458150297,
                0.0,
                -0.8580653832420352,
                -0.03491179651036648,
                0.5123523682274718,
                0.0,
                0.23586340248584747,
                0.5027291774749756,
                0.6634896993637085,
                1.0
            ]
        },
        "id": 1,
        "metadata": {
            "cameraCalibrationConstant": 0.7799999713897705,
            "ev": 7.135572910308838,
            "exposureTime": 0.009999999776482582,
            "timestamp": 1000015378554256200,
            "wbNormalizationData": {
                "ccm": {
                    "value": [
                        1.8709580898284912,
                        -0.6430167555809021,
                        -0.2279420644044876,
                        -0.5409546494483948,
                        1.8509923219680786,
                        -0.3100375533103943,
                        -0.06651719659566879,
                        -0.6431622505187988,
                        1.7096844911575317
                    ]
                },
                "invCCM": {
                    "value": [
                        0.6411198288367674,
                        0.2352271617115074,
                        0.12365418459210718,
                        0.193152843795107,
                        0.6510263103952112,
                        0.15582289545300368,
                        0.09428614762734636,
                        0.2569038927760153,
                        0.6488252097989301
                    ]
                },
                "whiteBalanceColorGains": [
                    0.9434650402561346,
                    1.0,
                    1.2943242180507901
                ]
            },
            "whiteBalanceTemperature": 4867.0
        },
        "type": 1
    },
    "timestamp": 1000015378554256200
}