{
    "bufferMetadata": {
        "byteSize": 860160,
        "format": 13,
        "height": 640,
        "rowStride": 896,
        "type": 1,
        "width": 832
    },
    "channelIndex": 0,
    "extrinsics": {
        "value": [
            0.9999347426176487,
            -0.0003689257569202054,
            -0.011418160989535738,
            0.0,
            0.0003668739668502641,
            0.999999916178054,
            -0.00018178937826379693,
            0.0,
            0.011418227099227025,
            0.000177588489161995,
            0.9999347941504281,
            0.0,
            0.0,
            0.0,
            0.0,
            1.0
        ]
    },
    "intrinsics": {
        "distortionCoefficients": [
            5.2492451667785645,
            0.204847052693367,
            -0.09155680984258652,
            8.465497970581055,
            -3.7477821024367586e-05,
            -6.70523240842158e-06,
            4.362573146820068,
            -0.5641931295394897
        ],
        "focalLengthX": 0.8780673146247864,
        "focalLengthY": 0.8780673146247864,
        "model": 2,
        "principalPointX": 0.49480119347572327,
        "principalPointY": 0.4892016053199768
    },
    "streamFrame": {
        "channels": 3,
        "dataFlags": 7,
        "frameNumber": 43041,
        "hmdPose": {
            "value": [
                0.1324198335244512,
                0.16287980287703463,
                0.9777193642611354,
                0.0,
                -0.040734853005085524,
                0.9864668609146413,
                -0.1588200366223528,
                0.0,
                -0.9903563283925209,
                -0.018796332004137245,
                0.13726266235125695,
                0.0,
                0.23586340248584747,
                0.5027291774749756,
                0.6634896993637085,
                1.0
            ]
        },
        "id": 1,
        "metadata": {
            "cameraCalibrationConstant": 0.7799999713897705,
            "ev": 7.285984992980957,
            "exposureTime": 0.009999999776482582,
            "timestamp": 1000015378820261800,
            "wbNormalizationData": {
                "ccm": {
                    "value": [
                        1.8815946578979492,
                        -0.6533856987953186,
                        -0.22820979356765747,
                        -0.5387649536132813,
                        1.8488980531692505,
                        -0.3101329207420349,
                        -0.06649468094110489,
                        -0.6457662582397461,
                        1.7122665643692017
                    ]
                },
                "invCCM": {
                    "value": [
                        0.6411198288367674,
                        0.2352271617115074,
                        0.12365418459210718,
                        0.193152843795107,
                        0.6510263103952112,
                        0.15582289545300368,
                        0.09428614762734636,
                        0.2569038927760153,
                        0.6488252097989301
                    ]
                },
                "whiteBalanceColorGains": [
                    0.9424118672565748,
                    1.0,
                    1.2991612851987349
                ]
            },
            "whiteBalanceTemperature": 4853.0
        },
        "type": 1
    },
    "timestamp": 1000015378820261800
}