{
    "bufferMetadata": {
        "byteSize": 860160,
        "format": 13,
        "height": 640,
        "rowStride": 896,
        "type": 1,
        "width": 832
    },
    "channelIndex": 0,
    "extrinsics": {
        "value": [
            0.9999347426176487,
            -0.0003689257569202054,
            -0.011418160989535738,
            0.0,
            0.0003668739668502641,
            0.999999916178054,
            -0.00018178937826379693,
            0.0,
            0.011418227099227025,
            0.000177588489161995,
            0.9999347941504281,
            0.0,
            0.0,
            0.0,
            0.0,
            1.0
        ]
    },
    "intrinsics": {
        "distortionCoefficients": [
            5.2492451667785645,
            0.204847052693367,
            -0.09155680984258652,
            8.465497970581055,
            -3.7477821024367586e-05,
            -6.70523240842158e-06,
            4.362573146820068,
            -0.5641931295394897
        ],
        "focalLengthX": 0.8780673146247864,
        "focalLengthY": 0.8780673146247864,
        "model": 2,
        "principalPointX": 0.49480119347572327,
        "principalPointY": 0.4892016053199768
    },
    "streamFrame": {
        "channels": 3,
        "dataFlags": 7,
        "frameNumber": 43091,
        "hmdPose": {
            "value": [
                -0.8308202935096654,
                0.15582813275049648,
                0.5342800995330489,
                0.0,
                0.13004982518960514,
                0.9877824400858463,
                -0.08586555753982046,
                0.0,
                -0.5411327699203811,
                -0.0018558143669890337,
                -0.840935118214944,
                0.0,
                0.23586340248584747,
                0.5027291774749756,
                0.6634896993637085,
                1.0
            ]
        },
        "id": 1,
        "metadata": {
            "cameraCalibrationConstant": 0.7799999713897705,
            "ev": 7.06843376159668,
            "exposureTime": 0.009999999776482582,
            "timestamp": 1000015379376573100,
            "wbNormalizationData": {
                "ccm": {
                    "value": [
                        1.859224796295166,
                        -0.6387220025062561,
                        -0.22050297260284424,
                        -0.5281883478164673,
                        1.848946452140808,
                        -0.32075783610343933,
                        -0.06282202154397964,
                        -0.6481865644454956,
                        1.711006760597229
                    ]
                },
                "invCCM": {
                    "value": [
                        0.6411198288367674,
                        0.2352271617115074,
                        0.12365418459210718,
                        0.193152843795107,
                        0.6510263103952112,
                        0.15582289545300368,
                        0.09428614762734636,
                        0.2569038927760153,
                        0.6488252097989301
                    ]
                },
                "whiteBalanceColorGains": [
                    0.9499073785023688,
                    1.0,
                    1.2704956633735458
                ]
            },
            "whiteBalanceTemperature": 4944.0
        },
        "type": 1
    },
    "timestamp": 1000015379376573100
}