{
    "bufferMetadata": {
        "byteSize": 860160,
        "format": 13,
        "height": 640,
        "rowStride": 896,
        "type": 1,
        "width": 832
    },
    "channelIndex": 0,
    "extrinsics": {
        "value": [
            0.9999347426176487,
            -0.0003689257569202054,
            -0.011418160989535738,
            0.0,
            0.0003668739668502641,
            0.999999916178054,
            -0.00018178937826379693,
            0.0,
            0.011418227099227025,
            0.000177588489161995,
            0.9999347941504281,
            0.0,
            0.0,
            0.0,
            0.0,
            1.0
        ]
    },
    "intrinsics": {
        "distortionCoefficients": [
            5.2492451667785645,
            0.204847052693367,
            -0.09155680984258652,
            8.465497970581055,
            -3.7477821024367586e-05,
            -6.70523240842158e-06,
            4.362573146820068,
            -0.5641931295394897
        ],
        "focalLengthX": 0.8780673146247864,
        "focalLengthY": 0.8780673146247864,
        "model": 2,
        "principalPointX": 0.49480119347572327,
        "principalPointY": 0.4892016053199768
    },
    "streamFrame": {
        "channels": 3,
        "dataFlags": 7,
        "frameNumber": 43128,
        "hmdPose": {
            "value": [
                0.1502652525813769,
                0.1485898371489366,
                0.9774156890351222,
                0.0,
                -0.00573430651038688,
                0.9887553536857883,
                -0.14943215345151323,
                0.0,
                -0.9886290945571019,
                0.016849660304118205,
                0.14942763254141178,
                0.0,
                0.23586340248584747,
                0.5027291774749756,
                0.6634896993637085,
                1.0
            ]
        },
        "id": 1,
        "metadata": {
            "cameraCalibrationConstant": 0.7799999713897705,
            "ev": 7.039220809936523,
            "exposureTime": 0.009999999776482582,
            "timestamp": 1000015379787692200,
            "wbNormalizationData": {
                "ccm": {
                    "value": [
                        1.8498015403747559,
                        -0.6286051273345947,
                        -0.22119644284248352,
                        -0.5289160013198853,
                        1.8501670360565186,
                        -0.3212505877017975,
                        -0.06298372894525528,
                        -0.645367443561554,
                        1.7083503007888794
                    ]
                },
                "invCCM": {
                    "value": [
                        0.6411198288367674,
                        0.2352271617115074,
                        0.12365418459210718,
                        0.193152843795107,
                        0.6510263103952112,
                        0.15582289545300368,
                        0.09428614762734636,
                        0.2569038927760153,
                        0.6488252097989301
                    ]
                },
                "whiteBalanceColorGains": [
                    0.9462637031866398,
                    1.0,
                    1.2585427691602238
                ]
            },
            "whiteBalanceTemperature": 4946.0
        },
        "type": 1
    },
    "timestamp": 1000015379787692200
}