{
    "bufferMetadata": {
        "byteSize": 860160,
        "format": 13,
        "height": 640,
        "rowStride": 896,
        "type": 1,
        "width": 832
    },
    "channelIndex": 0,
    "extrinsics": {
        "value": [
            0.9999347426176487,
            -0.0003689257569202054,
            -0.011418160989535738,
            0.0,
            0.0003668739668502641,
            0.999999916178054,
            -0.00018178937826379693,
            0.0,
            0.011418227099227025,
            0.000177588489161995,
            0.9999347941504281,
            0.0,
            0.0,
            0.0,
            0.0,
            1.0
        ]
    },
    "intrinsics": {
        "distortionCoefficients": [
            5.2492451667785645,
            0.204847052693367,
            -0.09155680984258652,
            8.465497970581055,
            -3.7477821024367586e-05,
            -6.70523240842158e-06,
            4.362573146820068,
            -0.5641931295394897
        ],
        "focalLengthX": 0.8780673146247864,
        "focalLengthY": 0.8780673146247864,
        "model": 2,
        "principalPointX": 0.49480119347572327,
        "principalPointY": 0.4892016053199768
    },
    "streamFrame": {
        "channels": 3,
        "dataFlags": 7,
        "frameNumber": 43104,
        "hmdPose": {
            "value": [
                -0.5939557429828888,
                0.18810407457474837,
                0.7821978319979962,
                0.0,
                0.08502558233614792,
                0.9815130854594198,
                -0.17147219484355014,
                0.0,
                -0.7999920259617511,
                -0.03534006769154509,
                -0.5989689924690986,
                0.0,
                0.23586340248584747,
                0.5027291774749756,
                0.6634896993637085,
                1.0
            ]
        },
        "id": 1,
        "metadata": {
            "cameraCalibrationConstant": 0.7799999713897705,
            "ev": 7.080615997314453,
            "exposureTime": 0.009999999776482582,
            "timestamp": 1000015379521018600,
            "wbNormalizationData": {
                "ccm": {
                    "value": [
                        1.847042202949524,
                        -0.6282575130462646,
                        -0.2187844216823578,
                        -0.527667224407196,
                        1.8504904508590698,
                        -0.3228227198123932,
                        -0.06211501359939575,
                        -0.6470819711685181,
                        1.709193468093872
                    ]
                },
                "invCCM": {
                    "value": [
                        0.6411198288367674,
                        0.2352271617115074,
                        0.12365418459210718,
                        0.193152843795107,
                        0.6510263103952112,
                        0.15582289545300368,
                        0.09428614762734636,
                        0.2569038927760153,
                        0.6488252097989301
                    ]
                },
                "whiteBalanceColorGains": [
                    0.9511807495192022,
                    1.0,
                    1.2598723797296867
                ]
            },
            "whiteBalanceTemperature": 4969.0
        },
        "type": 1
    },
    "timestamp": 1000015379521018600
}