{
    "bufferMetadata": {
        "byteSize": 860160,
        "format": 13,
        "height": 640,
        "rowStride": 896,
        "type": 1,
        "width": 832
    },
    "channelIndex": 0,
    "extrinsics": {
        "value": [
            0.9999347426176487,
            -0.0003689257569202054,
            -0.011418160989535738,
            0.0,
            0.0003668739668502641,
            0.999999916178054,
            -0.00018178937826379693,
            0.0,
            0.011418227099227025,
            0.000177588489161995,
            0.9999347941504281,
            0.0,
            0.0,
            0.0,
            0.0,
            1.0
        ]
    },
    "intrinsics": {
        "distortionCoefficients": [
            5.2492451667785645,
            0.204847052693367,
            -0.09155680984258652,
            8.465497970581055,
            -3.7477821024367586e-05,
            -6.70523240842158e-06,
            4.362573146820068,
            -0.5641931295394897
        ],
        "focalLengthX": 0.8780673146247864,
        "focalLengthY": 0.8780673146247864,
        "model": 2,
        "principalPointX": 0.49480119347572327,
        "principalPointY": 0.4892016053199768
    },
    "streamFrame": {
        "channels": 3,
        "dataFlags": 7,
        "frameNumber": 43063,
        "hmdPose": {
            "value": [
                -0.6206369197990025,
                0.2006486670409332,
                0.7579907187777184,
                0.0,
                0.11840735959662096,
                0.9796013359736451,
                -0.16236046254173372,
                0.0,
                -0.7751061311406471,
                -0.011015217569614905,
                -0.6317350346707733,
                0.0,
                0.23586340248584747,
                0.5027291774749756,
                0.6634896993637085,
                1.0
            ]
        },
        "id": 1,
        "metadata": {
            "cameraCalibrationConstant": 0.7799999713897705,
            "ev": 7.1645894050598145,
            "exposureTime": 0.009999999776482582,
            "timestamp": 1000015379065444700,
            "wbNormalizationData": {
                "ccm": {
                    "value": [
                        1.8593590259552002,
                        -0.6405550241470337,
                        -0.21880365908145905,
                        -0.5241434574127197,
                        1.8474812507629395,
                        -0.32333722710609436,
                        -0.0618097260594368,
                        -0.6454870104789734,
                        1.707295298576355
                    ]
                },
                "invCCM": {
                    "value": [
                        0.6411198288367674,
                        0.2352271617115074,
                        0.12365418459210718,
                        0.193152843795107,
                        0.6510263103952112,
                        0.15582289545300368,
                        0.09428614762734636,
                        0.2569038927760153,
                        0.6488252097989301
                    ]
                },
                "whiteBalanceColorGains": [
                    0.9526815010920784,
                    1.0,
                    1.2552568131460584
                ]
            },
            "whiteBalanceTemperature": 4986.0
        },
        "type": 1
    },
    "timestamp": 1000015379065444700
}