{
    "bufferMetadata": {
        "byteSize": 860160,
        "format": 13,
        "height": 640,
        "rowStride": 896,
        "type": 1,
        "width": 832
    },
    "channelIndex": 0,
    "extrinsics": {
        "value": [
            0.9999347426176487,
            -0.0003689257569202054,
            -0.011418160989535738,
            0.0,
            0.0003668739668502641,
            0.999999916178054,
            -0.00018178937826379693,
            0.0,
            0.011418227099227025,
            0.000177588489161995,
            0.9999347941504281,
            0.0,
            0.0,
            0.0,
            0.0,
            1.0
        ]
    },
    "intrinsics": {
        "distortionCoefficients": [
            5.2492451667785645,
            0.204847052693367,
            -0.09155680984258652,
            8.465497970581055,
            -3.7477821024367586e-05,
            -6.70523240842158e-06,
            4.362573146820068,
            -0.5641931295394897
        ],
        "focalLengthX": 0.8780673146247864,
        "focalLengthY": 0.8780673146247864,
        "model": 2,
        "principalPointX": 0.49480119347572327,
        "principalPointY": 0.4892016053199768
    },
    "streamFrame": {
        "channels": 3,
        "dataFlags": 7,
        "frameNumber": 43015,
        "hmdPose": {
            "value": [
                0.49682205075659647,
                0.11118593138941853,
                0.8607006102287016,
                0.0,
                -0.09586675393095882,
                0.9927208475425897,
                -0.07290325351190838,
                0.0,
                -0.8625412554062168,
                -0.04629262946677478,
                0.5038646416029195,
                0.0,
                0.23586340248584747,
                0.5027291774749756,
                0.6634896993637085,
                1.0
            ]
        },
        "id": 1,
        "metadata": {
            "cameraCalibrationConstant": 0.7799999713897705,
            "ev": 7.126931667327881,
            "exposureTime": 0.009999999776482582,
            "timestamp": 1000015378532064000,
            "wbNormalizationData": {
                "ccm": {
                    "value": [
                        1.872304081916809,
                        -0.6450245976448059,
                        -0.22728011012077332,
                        -0.5393553376197815,
                        1.8503097295761108,
                        -0.3109542727470398,
                        -0.06615158915519714,
                        -0.6432580351829529,
                        1.7094144821166992
                    ]
                },
                "invCCM": {
                    "value": [
                        0.6411198288367674,
                        0.2352271617115074,
                        0.12365418459210718,
                        0.193152843795107,
                        0.6510263103952112,
                        0.15582289545300368,
                        0.09428614762734636,
                        0.2569038927760153,
                        0.6488252097989301
                    ]
                },
                "whiteBalanceColorGains": [
                    0.9439837126622705,
                    1.0,
                    1.2915303235972664
                ]
            },
            "whiteBalanceTemperature": 4875.0
        },
        "type": 1
    },
    "timestamp": 1000015378532064000
}