{
    "bufferMetadata": {
        "byteSize": 860160,
        "format": 13,
        "height": 640,
        "rowStride": 896,
        "type": 1,
        "width": 832
    },
    "channelIndex": 0,
    "extrinsics": {
        "value": [
            0.9999347426176487,
            -0.0003689257569202054,
            -0.011418160989535738,
            0.0,
            0.0003668739668502641,
            0.999999916178054,
            -0.00018178937826379693,
            0.0,
            0.011418227099227025,
            0.000177588489161995,
            0.9999347941504281,
            0.0,
            0.0,
            0.0,
            0.0,
            1.0
        ]
    },
    "intrinsics": {
        "distortionCoefficients": [
            5.2492451667785645,
            0.204847052693367,
            -0.09155680984258652,
            8.465497970581055,
            -3.7477821024367586e-05,
            -6.70523240842158e-06,
            4.362573146820068,
            -0.5641931295394897
        ],
        "focalLengthX": 0.8780673146247864,
        "focalLengthY": 0.8780673146247864,
        "model": 2,
        "principalPointX": 0.49480119347572327,
        "principalPointY": 0.4892016053199768
    },
    "streamFrame": {
        "channels": 3,
        "dataFlags": 7,
        "frameNumber": 43048,
        "hmdPose": {
            "value": [
                -0.11214681095233558,
                0.1851068875353729,
                0.9762983926132021,
                0.0,
                -0.006679086999217182,
                0.9823337029896693,
                -0.1870184110197736,
                0.0,
                -0.9936692110702696,
                -0.027494298508434212,
                -0.10892924724841002,
                0.0,
                0.23586340248584747,
                0.5027291774749756,
                0.6634896993637085,
                1.0
            ]
        },
        "id": 1,
        "metadata": {
            "cameraCalibrationConstant": 0.7799999713897705,
            "ev": 7.28313684463501,
            "exposureTime": 0.009999999776482582,
            "timestamp": 1000015378898683900,
            "wbNormalizationData": {
                "ccm": {
                    "value": [
                        1.8901196718215942,
                        -0.6651710271835327,
                        -0.22494904696941376,
                        -0.5316079258918762,
                        1.8455692529678345,
                        -0.3139611482620239,
                        -0.06478825211524963,
                        -0.6461647152900696,
                        1.7109577655792236
                    ]
                },
                "invCCM": {
                    "value": [
                        0.6411198288367674,
                        0.2352271617115074,
                        0.12365418459210718,
                        0.193152843795107,
                        0.6510263103952112,
                        0.15582289545300368,
                        0.09428614762734636,
                        0.2569038927760153,
                        0.6488252097989301
                    ]
                },
                "whiteBalanceColorGains": [
                    0.945976933675772,
                    1.0,
                    1.288859080223764
                ]
            },
            "whiteBalanceTemperature": 4890.0
        },
        "type": 1
    },
    "timestamp": 1000015378898683900
}