{
    "bufferMetadata": {
        "byteSize": 860160,
        "format": 13,
        "height": 640,
        "rowStride": 896,
        "type": 1,
        "width": 832
    },
    "channelIndex": 0,
    "extrinsics": {
        "value": [
            0.9999347426176487,
            -0.0003689257569202054,
            -0.011418160989535738,
            0.0,
            0.0003668739668502641,
            0.999999916178054,
            -0.00018178937826379693,
            0.0,
            0.011418227099227025,
            0.000177588489161995,
            0.9999347941504281,
            0.0,
            0.0,
            0.0,
            0.0,
            1.0
        ]
    },
    "intrinsics": {
        "distortionCoefficients": [
            5.2492451667785645,
            0.204847052693367,
            -0.09155680984258652,
            8.465497970581055,
            -3.7477821024367586e-05,
            -6.70523240842158e-06,
            4.362573146820068,
            -0.5641931295394897
        ],
        "focalLengthX": 0.8780673146247864,
        "focalLengthY": 0.8780673146247864,
        "model": 2,
        "principalPointX": 0.49480119347572327,
        "principalPointY": 0.4892016053199768
    },
    "streamFrame": {
        "channels": 3,
        "dataFlags": 7,
        "frameNumber": 43020,
        "hmdPose": {
            "value": [
                0.5105949832490557,
                0.10987863891346424,
                0.8527716311789851,
                0.0,
                -0.07308570093886886,
                0.9937578061346811,
                -0.0842846555185712,
                0.0,
                -0.8567095485352177,
                -0.01929008937601214,
                0.5154383076391524,
                0.0,
                0.23586340248584747,
                0.5027291774749756,
                0.6634896993637085,
                1.0
            ]
        },
        "id": 1,
        "metadata": {
            "cameraCalibrationConstant": 0.7799999713897705,
            "ev": 7.146890640258789,
            "exposureTime": 0.009999999776482582,
            "timestamp": 1000015378587452200,
            "wbNormalizationData": {
                "ccm": {
                    "value": [
                        1.8638724088668823,
                        -0.6342126727104187,
                        -0.22966061532497406,
                        -0.5447544455528259,
                        1.8531055450439453,
                        -0.3083511292934418,
                        -0.06740376353263855,
                        -0.6433154344558716,
                        1.7107242345809937
                    ]
                },
                "invCCM": {
                    "value": [
                        0.6411198288367674,
                        0.2352271617115074,
                        0.12365418459210718,
                        0.193152843795107,
                        0.6510263103952112,
                        0.15582289545300368,
                        0.09428614762734636,
                        0.2569038927760153,
                        0.6488252097989301
                    ]
                },
                "whiteBalanceColorGains": [
                    0.9423838021513832,
                    1.0,
                    1.297469186041287
                ]
            },
            "whiteBalanceTemperature": 4856.0
        },
        "type": 1
    },
    "timestamp": 1000015378587452200
}