{
    "bufferMetadata": {
        "byteSize": 860160,
        "format": 13,
        "height": 640,
        "rowStride": 896,
        "type": 1,
        "width": 832
    },
    "channelIndex": 0,
    "extrinsics": {
        "value": [
            0.9999347426176487,
            -0.0003689257569202054,
            -0.011418160989535738,
            0.0,
            0.0003668739668502641,
            0.999999916178054,
            -0.00018178937826379693,
            0.0,
            0.011418227099227025,
            0.000177588489161995,
            0.9999347941504281,
            0.0,
            0.0,
            0.0,
            0.0,
            1.0
        ]
    },
    "intrinsics": {
        "distortionCoefficients": [
            5.2492451667785645,
            0.204847052693367,
            -0.09155680984258652,
            8.465497970581055,
            -3.7477821024367586e-05,
            -6.70523240842158e-06,
            4.362573146820068,
            -0.5641931295394897
        ],
        "focalLengthX": 0.8780673146247864,
        "focalLengthY": 0.8780673146247864,
        "model": 2,
        "principalPointX": 0.49480119347572327,
        "principalPointY": 0.4892016053199768
    },
    "streamFrame": {
        "channels": 3,
        "dataFlags": 7,
        "frameNumber": 43022,
        "hmdPose": {
            "value": [
                0.5051238673490759,
                0.11346121584706276,
                0.855556207011187,
                0.0,
                -0.06832397276825936,
                0.9934665244301639,
                -0.09141170318472824,
                0.0,
                -0.8603381344576241,
                -0.012280766770724878,
                0.5095757740101208,
                0.0,
                0.23586340248584747,
                0.5027291774749756,
                0.6634896993637085,
                1.0
            ]
        },
        "id": 1,
        "metadata": {
            "cameraCalibrationConstant": 0.7799999713897705,
            "ev": 7.153384685516357,
            "exposureTime": 0.009999999776482582,
            "timestamp": 1000015378609376900,
            "wbNormalizationData": {
                "ccm": {
                    "value": [
                        1.8600497245788574,
                        -0.6293705701828003,
                        -0.2306799739599228,
                        -0.5468394756317139,
                        1.854250192642212,
                        -0.3074107766151428,
                        -0.06791575253009796,
                        -0.6434897780418396,
                        1.7114105224609375
                    ]
                },
                "invCCM": {
                    "value": [
                        0.6411198288367674,
                        0.2352271617115074,
                        0.12365418459210718,
                        0.193152843795107,
                        0.6510263103952112,
                        0.15582289545300368,
                        0.09428614762734636,
                        0.2569038927760153,
                        0.6488252097989301
                    ]
                },
                "whiteBalanceColorGains": [
                    0.9413912151964431,
                    1.0,
                    1.2993994225927175
                ]
            },
            "whiteBalanceTemperature": 4847.0
        },
        "type": 1
    },
    "timestamp": 1000015378609376900
}