{
    "bufferMetadata": {
        "byteSize": 860160,
        "format": 13,
        "height": 640,
        "rowStride": 896,
        "type": 1,
        "width": 832
    },
    "channelIndex": 0,
    "extrinsics": {
        "value": [
            0.9999347426176487,
            -0.0003689257569202054,
            -0.011418160989535738,
            0.0,
            0.0003668739668502641,
            0.999999916178054,
            -0.00018178937826379693,
            0.0,
            0.011418227099227025,
            0.000177588489161995,
            0.9999347941504281,
            0.0,
            0.0,
            0.0,
            0.0,
            1.0
        ]
    },
    "intrinsics": {
        "distortionCoefficients": [
            5.2492451667785645,
            0.204847052693367,
            -0.09155680984258652,
            8.465497970581055,
            -3.7477821024367586e-05,
            -6.70523240842158e-06,
            4.362573146820068,
            -0.5641931295394897
        ],
        "focalLengthX": 0.8780673146247864,
        "focalLengthY": 0.8780673146247864,
        "model": 2,
        "principalPointX": 0.49480119347572327,
        "principalPointY": 0.4892016053199768
    },
    "streamFrame": {
        "channels": 3,
        "dataFlags": 7,
        "frameNumber": 43126,
        "hmdPose": {
            "value": [
                0.08768431345949756,
                0.15166318737896647,
                0.9845352886374057,
                0.0,
                -0.009365033870613909,
                0.9884239034366932,
                -0.15142814534407284,
                0.0,
                -0.9961042882745208,
                0.004057666299229587,
                0.0880896022940778,
                0.0,
                0.23586340248584747,
                0.5027291774749756,
                0.6634896993637085,
                1.0
            ]
        },
        "id": 1,
        "metadata": {
            "cameraCalibrationConstant": 0.7799999713897705,
            "ev": 7.0409064292907715,
            "exposureTime": 0.009999999776482582,
            "timestamp": 1000015379765469900,
            "wbNormalizationData": {
                "ccm": {
                    "value": [
                        1.844214916229248,
                        -0.6235657930374146,
                        -0.22064906358718872,
                        -0.5285874009132385,
                        1.8508291244506836,
                        -0.3222411870956421,
                        -0.06273145228624344,
                        -0.6453268527984619,
                        1.7080566883087158
                    ]
                },
                "invCCM": {
                    "value": [
                        0.6411198288367674,
                        0.2352271617115074,
                        0.12365418459210718,
                        0.193152843795107,
                        0.6510263103952112,
                        0.15582289545300368,
                        0.09428614762734636,
                        0.2569038927760153,
                        0.6488252097989301
                    ]
                },
                "whiteBalanceColorGains": [
                    0.9466944559978389,
                    1.0,
                    1.2543691107748123
                ]
            },
            "whiteBalanceTemperature": 4956.0
        },
        "type": 1
    },
    "timestamp": 1000015379765469900
}