{
    "bufferMetadata": {
        "byteSize": 860160,
        "format": 13,
        "height": 640,
        "rowStride": 896,
        "type": 1,
        "width": 832
    },
    "channelIndex": 0,
    "extrinsics": {
        "value": [
            0.9999347426176487,
            -0.0003689257569202054,
            -0.011418160989535738,
            0.0,
            0.0003668739668502641,
            0.999999916178054,
            -0.00018178937826379693,
            0.0,
            0.011418227099227025,
            0.000177588489161995,
            0.9999347941504281,
            0.0,
            0.0,
            0.0,
            0.0,
            1.0
        ]
    },
    "intrinsics": {
        "distortionCoefficients": [
            5.2492451667785645,
            0.204847052693367,
            -0.09155680984258652,
            8.465497970581055,
            -3.7477821024367586e-05,
            -6.70523240842158e-06,
            4.362573146820068,
            -0.5641931295394897
        ],
        "focalLengthX": 0.8780673146247864,
        "focalLengthY": 0.8780673146247864,
        "model": 2,
        "principalPointX": 0.49480119347572327,
        "principalPointY": 0.4892016053199768
    },
    "streamFrame": {
        "channels": 3,
        "dataFlags": 7,
        "frameNumber": 43001,
        "hmdPose": {
            "value": [
                0.26776025568236295,
                0.12154541928499647,
                0.9557882382978343,
                0.0,
                -0.11882238071233324,
                0.9886039499673941,
                -0.09243090365130635,
                0.0,
                -0.956130580652819,
                -0.08881971154410573,
                0.27915116249690763,
                0.0,
                0.23586340248584747,
                0.5027291774749756,
                0.6634896993637085,
                1.0
            ]
        },
        "id": 1,
        "metadata": {
            "cameraCalibrationConstant": 0.7799999713897705,
            "ev": 7.066063404083252,
            "exposureTime": 0.009999999776482582,
            "timestamp": 1000015378376562700,
            "wbNormalizationData": {
                "ccm": {
                    "value": [
                        1.871109962463379,
                        -0.6502238512039185,
                        -0.22088606655597687,
                        -0.5254265069961548,
                        1.846103310585022,
                        -0.3206764757633209,
                        -0.06266622245311737,
                        -0.6442030668258667,
                        1.7068707942962646
                    ]
                },
                "invCCM": {
                    "value": [
                        0.6411198288367674,
                        0.2352271617115074,
                        0.12365418459210718,
                        0.193152843795107,
                        0.6510263103952112,
                        0.15582289545300368,
                        0.09428614762734636,
                        0.2569038927760153,
                        0.6488252097989301
                    ]
                },
                "whiteBalanceColorGains": [
                    0.9479020535809412,
                    1.0,
                    1.2642075489432456
                ]
            },
            "whiteBalanceTemperature": 4945.0
        },
        "type": 1
    },
    "timestamp": 1000015378376562700
}