{
    "bufferMetadata": {
        "byteSize": 860160,
        "format": 13,
        "height": 640,
        "rowStride": 896,
        "type": 1,
        "width": 832
    },
    "channelIndex": 0,
    "extrinsics": {
        "value": [
            0.9999347426176487,
            -0.0003689257569202054,
            -0.011418160989535738,
            0.0,
            0.0003668739668502641,
            0.999999916178054,
            -0.00018178937826379693,
            0.0,
            0.011418227099227025,
            0.000177588489161995,
            0.9999347941504281,
            0.0,
            0.0,
            0.0,
            0.0,
            1.0
        ]
    },
    "intrinsics": {
        "distortionCoefficients": [
            5.2492451667785645,
            0.204847052693367,
            -0.09155680984258652,
            8.465497970581055,
            -3.7477821024367586e-05,
            -6.70523240842158e-06,
            4.362573146820068,
            -0.5641931295394897
        ],
        "focalLengthX": 0.8780673146247864,
        "focalLengthY": 0.8780673146247864,
        "model": 2,
        "principalPointX": 0.49480119347572327,
        "principalPointY": 0.4892016053199768
    },
    "streamFrame": {
        "channels": 3,
        "dataFlags": 7,
        "frameNumber": 43149,
        "hmdPose": {
            "value": [
                0.5137980962345626,
                0.10816431713965795,
                0.8510652134757188,
                0.0,
                0.01658055295911691,
                0.9905829948516364,
                -0.13590590711789383,
                0.0,
                -0.8577508976120802,
                0.08393932822985398,
                0.5071662327262331,
                0.0,
                0.23586340248584747,
                0.5027291774749756,
                0.6634896993637085,
                1.0
            ]
        },
        "id": 1,
        "metadata": {
            "cameraCalibrationConstant": 0.7799999713897705,
            "ev": 7.094499111175537,
            "exposureTime": 0.009999999776482582,
            "timestamp": 1000015380021027600,
            "wbNormalizationData": {
                "ccm": {
                    "value": [
                        1.8474211692810059,
                        -0.6141045689582825,
                        -0.23331746459007263,
                        -0.5497230291366577,
                        1.85670804977417,
                        -0.306985080242157,
                        -0.06897852569818497,
                        -0.6461334824562073,
                        1.7151165008544922
                    ]
                },
                "invCCM": {
                    "value": [
                        0.6411198288367674,
                        0.2352271617115074,
                        0.12365418459210718,
                        0.193152843795107,
                        0.6510263103952112,
                        0.15582289545300368,
                        0.09428614762734636,
                        0.2569038927760153,
                        0.6488252097989301
                    ]
                },
                "whiteBalanceColorGains": [
                    0.9381935888392924,
                    1.0,
                    1.299554132964943
                ]
            },
            "whiteBalanceTemperature": 4830.0
        },
        "type": 1
    },
    "timestamp": 1000015380021027600
}