{
    "bufferMetadata": {
        "byteSize": 860160,
        "format": 13,
        "height": 640,
        "rowStride": 896,
        "type": 1,
        "width": 832
    },
    "channelIndex": 0,
    "extrinsics": {
        "value": [
            0.9999347426176487,
            -0.0003689257569202054,
            -0.011418160989535738,
            0.0,
            0.0003668739668502641,
            0.999999916178054,
            -0.00018178937826379693,
            0.0,
            0.011418227099227025,
            0.000177588489161995,
            0.9999347941504281,
            0.0,
            0.0,
            0.0,
            0.0,
            1.0
        ]
    },
    "intrinsics": {
        "distortionCoefficients": [
            5.2492451667785645,
            0.204847052693367,
            -0.09155680984258652,
            8.465497970581055,
            -3.7477821024367586e-05,
            -6.70523240842158e-06,
            4.362573146820068,
            -0.5641931295394897
        ],
        "focalLengthX": 0.8780673146247864,
        "focalLengthY": 0.8780673146247864,
        "model": 2,
        "principalPointX": 0.49480119347572327,
        "principalPointY": 0.4892016053199768
    },
    "streamFrame": {
        "channels": 3,
        "dataFlags": 7,
        "frameNumber": 43012,
        "hmdPose": {
            "value": [
                0.4696065456200512,
                0.11197706847200184,
                0.8757458749432747,
                0.0,
                -0.1081894880651495,
                0.9917471251860335,
                -0.06879443653370984,
                0.0,
                -0.8762218531946953,
                -0.062440179069300966,
                0.4778456831598169,
                0.0,
                0.23586340248584747,
                0.5027291774749756,
                0.6634896993637085,
                1.0
            ]
        },
        "id": 1,
        "metadata": {
            "cameraCalibrationConstant": 0.7799999713897705,
            "ev": 7.112037658691406,
            "exposureTime": 0.009999999776482582,
            "timestamp": 1000015378498758600,
            "wbNormalizationData": {
                "ccm": {
                    "value": [
                        1.8780786991119385,
                        -0.6522226929664612,
                        -0.2258564829826355,
                        -0.5360866189002991,
                        1.8485437631607056,
                        -0.31245705485343933,
                        -0.06540937721729279,
                        -0.6434929370880127,
                        1.708907127380371
                    ]
                },
                "invCCM": {
                    "value": [
                        0.6411198288367674,
                        0.2352271617115074,
                        0.12365418459210718,
                        0.193152843795107,
                        0.6510263103952112,
                        0.15582289545300368,
                        0.09428614762734636,
                        0.2569038927760153,
                        0.6488252097989301
                    ]
                },
                "whiteBalanceColorGains": [
                    0.9448521348034837,
                    1.0,
                    1.286391729091209
                ]
            },
            "whiteBalanceTemperature": 4889.0
        },
        "type": 1
    },
    "timestamp": 1000015378498758600
}