{
    "bufferMetadata": {
        "byteSize": 860160,
        "format": 13,
        "height": 640,
        "rowStride": 896,
        "type": 1,
        "width": 832
    },
    "channelIndex": 0,
    "extrinsics": {
        "value": [
            0.9999347426176487,
            -0.0003689257569202054,
            -0.011418160989535738,
            0.0,
            0.0003668739668502641,
            0.999999916178054,
            -0.00018178937826379693,
            0.0,
            0.011418227099227025,
            0.000177588489161995,
            0.9999347941504281,
            0.0,
            0.0,
            0.0,
            0.0,
            1.0
        ]
    },
    "intrinsics": {
        "distortionCoefficients": [
            5.2492451667785645,
            0.204847052693367,
            -0.09155680984258652,
            8.465497970581055,
            -3.7477821024367586e-05,
            -6.70523240842158e-06,
            4.362573146820068,
            -0.5641931295394897
        ],
        "focalLengthX": 0.8780673146247864,
        "focalLengthY": 0.8780673146247864,
        "model": 2,
        "principalPointX": 0.49480119347572327,
        "principalPointY": 0.4892016053199768
    },
    "streamFrame": {
        "channels": 3,
        "dataFlags": 7,
        "frameNumber": 43119,
        "hmdPose": {
            "value": [
                -0.13976538761863333,
                0.14524853349693206,
                0.9794735789437096,
                0.0,
                -0.0024401808998742586,
                0.9891292322613654,
                -0.14702859356614403,
                0.0,
                -0.9901816367964943,
                -0.02293960169342705,
                -0.13789159780951565,
                0.0,
                0.23586340248584747,
                0.5027291774749756,
                0.6634896993637085,
                1.0
            ]
        },
        "id": 1,
        "metadata": {
            "cameraCalibrationConstant": 0.7799999713897705,
            "ev": 7.060806751251221,
            "exposureTime": 0.009999999776482582,
            "timestamp": 1000015379687687300,
            "wbNormalizationData": {
                "ccm": {
                    "value": [
                        1.8301235437393188,
                        -0.6102848649024963,
                        -0.21983850002288818,
                        -0.5299102067947388,
                        1.8532240390777588,
                        -0.32331323623657227,
                        -0.06250055134296417,
                        -0.6448702812194824,
                        1.707367181777954
                    ]
                },
                "invCCM": {
                    "value": [
                        0.6411198288367674,
                        0.2352271617115074,
                        0.12365418459210718,
                        0.193152843795107,
                        0.6510263103952112,
                        0.15582289545300368,
                        0.09428614762734636,
                        0.2569038927760153,
                        0.6488252097989301
                    ]
                },
                "whiteBalanceColorGains": [
                    0.9477082580441442,
                    1.0,
                    1.2479220356873355
                ]
            },
            "whiteBalanceTemperature": 4975.0
        },
        "type": 1
    },
    "timestamp": 1000015379687687300
}