{
    "bufferMetadata": {
        "byteSize": 860160,
        "format": 13,
        "height": 640,
        "rowStride": 896,
        "type": 1,
        "width": 832
    },
    "channelIndex": 0,
    "extrinsics": {
        "value": [
            0.9999347426176487,
            -0.0003689257569202054,
            -0.011418160989535738,
            0.0,
            0.0003668739668502641,
            0.999999916178054,
            -0.00018178937826379693,
            0.0,
            0.011418227099227025,
            0.000177588489161995,
            0.9999347941504281,
            0.0,
            0.0,
            0.0,
            0.0,
            1.0
        ]
    },
    "intrinsics": {
        "distortionCoefficients": [
            5.2492451667785645,
            0.204847052693367,
            -0.09155680984258652,
            8.465497970581055,
            -3.7477821024367586e-05,
            -6.70523240842158e-06,
            4.362573146820068,
            -0.5641931295394897
        ],
        "focalLengthX": 0.8780673146247864,
        "focalLengthY": 0.8780673146247864,
        "model": 2,
        "principalPointX": 0.49480119347572327,
        "principalPointY": 0.4892016053199768
    },
    "streamFrame": {
        "channels": 3,
        "dataFlags": 7,
        "frameNumber": 43098,
        "hmdPose": {
            "value": [
                -0.7286511588965643,
                0.18554971975525544,
                0.6592714229893815,
                0.0,
                0.11998503046790435,
                0.9822983274587607,
                -0.14385266257611845,
                0.0,
                -0.6742930372881761,
                -0.025715706588944495,
                -0.738016003509024,
                0.0,
                0.23586340248584747,
                0.5027291774749756,
                0.6634896993637085,
                1.0
            ]
        },
        "id": 1,
        "metadata": {
            "cameraCalibrationConstant": 0.7799999713897705,
            "ev": 7.067932605743408,
            "exposureTime": 0.009999999776482582,
            "timestamp": 1000015379454351400,
            "wbNormalizationData": {
                "ccm": {
                    "value": [
                        1.8565856218338013,
                        -0.6369766592979431,
                        -0.21960891783237457,
                        -0.5278052091598511,
                        1.849231243133545,
                        -0.32142573595046997,
                        -0.06247158348560333,
                        -0.6474976539611816,
                        1.7099668979644775
                    ]
                },
                "invCCM": {
                    "value": [
                        0.6411198288367674,
                        0.2352271617115074,
                        0.12365418459210718,
                        0.193152843795107,
                        0.6510263103952112,
                        0.15582289545300368,
                        0.09428614762734636,
                        0.2569038927760153,
                        0.6488252097989301
                    ]
                },
                "whiteBalanceColorGains": [
                    0.950842771167108,
                    1.0,
                    1.266315690279064
                ]
            },
            "whiteBalanceTemperature": 4956.0
        },
        "type": 1
    },
    "timestamp": 1000015379454351400
}