{
    "bufferMetadata": {
        "byteSize": 860160,
        "format": 13,
        "height": 640,
        "rowStride": 896,
        "type": 1,
        "width": 832
    },
    "channelIndex": 0,
    "extrinsics": {
        "value": [
            0.9999347426176487,
            -0.0003689257569202054,
            -0.011418160989535738,
            0.0,
            0.0003668739668502641,
            0.999999916178054,
            -0.00018178937826379693,
            0.0,
            0.011418227099227025,
            0.000177588489161995,
            0.9999347941504281,
            0.0,
            0.0,
            0.0,
            0.0,
            1.0
        ]
    },
    "intrinsics": {
        "distortionCoefficients": [
            5.2492451667785645,
            0.204847052693367,
            -0.09155680984258652,
            8.465497970581055,
            -3.7477821024367586e-05,
            -6.70523240842158e-06,
            4.362573146820068,
            -0.5641931295394897
        ],
        "focalLengthX": 0.8780673146247864,
        "focalLengthY": 0.8780673146247864,
        "model": 2,
        "principalPointX": 0.49480119347572327,
        "principalPointY": 0.4892016053199768
    },
    "streamFrame": {
        "channels": 3,
        "dataFlags": 7,
        "frameNumber": 43129,
        "hmdPose": {
            "value": [
                0.18127828542865698,
                0.1467655544034942,
                0.9724186611723212,
                0.0,
                -0.003048908817042506,
                0.9888804023731861,
                -0.14868172019760711,
                0.0,
                -0.983427112047741,
                0.023987951278280226,
                0.17971001864468283,
                0.0,
                0.23586340248584747,
                0.5027291774749756,
                0.6634896993637085,
                1.0
            ]
        },
        "id": 1,
        "metadata": {
            "cameraCalibrationConstant": 0.7799999713897705,
            "ev": 7.038862228393555,
            "exposureTime": 0.009999999776482582,
            "timestamp": 1000015379798803600,
            "wbNormalizationData": {
                "ccm": {
                    "value": [
                        1.8523763418197632,
                        -0.630728006362915,
                        -0.22164829075336456,
                        -0.5291942358016968,
                        1.8498904705047607,
                        -0.3206958472728729,
                        -0.06317822635173798,
                        -0.6455684304237366,
                        1.7087461948394775
                    ]
                },
                "invCCM": {
                    "value": [
                        0.6411198288367674,
                        0.2352271617115074,
                        0.12365418459210718,
                        0.193152843795107,
                        0.6510263103952112,
                        0.15582289545300368,
                        0.09428614762734636,
                        0.2569038927760153,
                        0.6488252097989301
                    ]
                },
                "whiteBalanceColorGains": [
                    0.9459178107409015,
                    1.0,
                    1.2607334874608094
                ]
            },
            "whiteBalanceTemperature": 4941.0
        },
        "type": 1
    },
    "timestamp": 1000015379798803600
}