{
    "bufferMetadata": {
        "byteSize": 860160,
        "format": 13,
        "height": 640,
        "rowStride": 896,
        "type": 1,
        "width": 832
    },
    "channelIndex": 0,
    "extrinsics": {
        "value": [
            0.9999347426176487,
            -0.0003689257569202054,
            -0.011418160989535738,
            0.0,
            0.0003668739668502641,
            0.999999916178054,
            -0.00018178937826379693,
            0.0,
            0.011418227099227025,
            0.000177588489161995,
            0.9999347941504281,
            0.0,
            0.0,
            0.0,
            0.0,
            1.0
        ]
    },
    "intrinsics": {
        "distortionCoefficients": [
            5.2492451667785645,
            0.204847052693367,
            -0.09155680984258652,
            8.465497970581055,
            -3.7477821024367586e-05,
            -6.70523240842158e-06,
            4.362573146820068,
            -0.5641931295394897
        ],
        "focalLengthX": 0.8780673146247864,
        "focalLengthY": 0.8780673146247864,
        "model": 2,
        "principalPointX": 0.49480119347572327,
        "principalPointY": 0.4892016053199768
    },
    "streamFrame": {
        "channels": 3,
        "dataFlags": 7,
        "frameNumber": 43142,
        "hmdPose": {
            "value": [
                0.48090991562790886,
                0.12894142805599118,
                0.8672368501844105,
                0.0,
                0.012181326886643418,
                0.9880488830586449,
                -0.15365877717793014,
                0.0,
                -0.8766853833971322,
                0.08446012467086289,
                0.4735918273342329,
                0.0,
                0.23586340248584747,
                0.5027291774749756,
                0.6634896993637085,
                1.0
            ]
        },
        "id": 1,
        "metadata": {
            "cameraCalibrationConstant": 0.7799999713897705,
            "ev": 7.067377090454102,
            "exposureTime": 0.009999999776482582,
            "timestamp": 1000015379943249100,
            "wbNormalizationData": {
                "ccm": {
                    "value": [
                        1.8629378080368042,
                        -0.6344053745269775,
                        -0.22853301465511322,
                        -0.5399860143661499,
                        1.8517075777053833,
                        -0.31172138452529907,
                        -0.0665750727057457,
                        -0.6461631655693054,
                        1.712741732597351
                    ]
                },
                "invCCM": {
                    "value": [
                        0.6411198288367674,
                        0.2352271617115074,
                        0.12365418459210718,
                        0.193152843795107,
                        0.6510263103952112,
                        0.15582289545300368,
                        0.09428614762734636,
                        0.2569038927760153,
                        0.6488252097989301
                    ]
                },
                "whiteBalanceColorGains": [
                    0.9416728638231883,
                    1.0,
                    1.2880114519677726
                ]
            },
            "whiteBalanceTemperature": 4869.0
        },
        "type": 1
    },
    "timestamp": 1000015379943249100
}