{
    "bufferMetadata": {
        "byteSize": 860160,
        "format": 13,
        "height": 640,
        "rowStride": 896,
        "type": 1,
        "width": 832
    },
    "channelIndex": 0,
    "extrinsics": {
        "value": [
            0.9999347426176487,
            -0.0003689257569202054,
            -0.011418160989535738,
            0.0,
            0.0003668739668502641,
            0.999999916178054,
            -0.00018178937826379693,
            0.0,
            0.011418227099227025,
            0.000177588489161995,
            0.9999347941504281,
            0.0,
            0.0,
            0.0,
            0.0,
            1.0
        ]
    },
    "intrinsics": {
        "distortionCoefficients": [
            5.2492451667785645,
            0.204847052693367,
            -0.09155680984258652,
            8.465497970581055,
            -3.7477821024367586e-05,
            -6.70523240842158e-06,
            4.362573146820068,
            -0.5641931295394897
        ],
        "focalLengthX": 0.8780673146247864,
        "focalLengthY": 0.8780673146247864,
        "model": 2,
        "principalPointX": 0.49480119347572327,
        "principalPointY": 0.4892016053199768
    },
    "streamFrame": {
        "channels": 3,
        "dataFlags": 7,
        "frameNumber": 43112,
        "hmdPose": {
            "value": [
                -0.36017632061068516,
                0.16620910329173755,
                0.9179583701622499,
                0.0,
                0.02778502019692708,
                0.9854750210661782,
                -0.16753201393160144,
                0.0,
                -0.9324703898894774,
                -0.03483557122078618,
                -0.3595628905294812,
                0.0,
                0.23586340248584747,
                0.5027291774749756,
                0.6634896993637085,
                1.0
            ]
        },
        "id": 1,
        "metadata": {
            "cameraCalibrationConstant": 0.7799999713897705,
            "ev": 7.0777268409729,
            "exposureTime": 0.009999999776482582,
            "timestamp": 1000015379609908200,
            "wbNormalizationData": {
                "ccm": {
                    "value": [
                        1.8337867259979248,
                        -0.6152657866477966,
                        -0.21852058172225952,
                        -0.5285962224006653,
                        1.8525210618972778,
                        -0.32392418384552,
                        -0.06200708448886871,
                        -0.6461751461029053,
                        1.7081778049468994
                    ]
                },
                "invCCM": {
                    "value": [
                        0.6411198288367674,
                        0.2352271617115074,
                        0.12365418459210718,
                        0.193152843795107,
                        0.6510263103952112,
                        0.15582289545300368,
                        0.09428614762734636,
                        0.2569038927760153,
                        0.6488252097989301
                    ]
                },
                "whiteBalanceColorGains": [
                    0.950423457213949,
                    1.0,
                    1.250703907906283
                ]
            },
            "whiteBalanceTemperature": 4982.0
        },
        "type": 1
    },
    "timestamp": 1000015379609908200
}