{
    "bufferMetadata": {
        "byteSize": 860160,
        "format": 13,
        "height": 640,
        "rowStride": 896,
        "type": 1,
        "width": 832
    },
    "channelIndex": 0,
    "extrinsics": {
        "value": [
            0.9999347426176487,
            -0.0003689257569202054,
            -0.011418160989535738,
            0.0,
            0.0003668739668502641,
            0.999999916178054,
            -0.00018178937826379693,
            0.0,
            0.011418227099227025,
            0.000177588489161995,
            0.9999347941504281,
            0.0,
            0.0,
            0.0,
            0.0,
            1.0
        ]
    },
    "intrinsics": {
        "distortionCoefficients": [
            5.2492451667785645,
            0.204847052693367,
            -0.09155680984258652,
            8.465497970581055,
            -3.7477821024367586e-05,
            -6.70523240842158e-06,
            4.362573146820068,
            -0.5641931295394897
        ],
        "focalLengthX": 0.8780673146247864,
        "focalLengthY": 0.8780673146247864,
        "model": 2,
        "principalPointX": 0.49480119347572327,
        "principalPointY": 0.4892016053199768
    },
    "streamFrame": {
        "channels": 3,
        "dataFlags": 7,
        "frameNumber": 43050,
        "hmdPose": {
            "value": [
                -0.18557118845075005,
                0.18739970118132845,
                0.9645955979643247,
                0.0,
                0.007865154218399367,
                0.9818978178871258,
                -0.18924802323048567,
                0.0,
                -0.9825993359269715,
                -0.02753228912884735,
                -0.18368587239766598,
                0.0,
                0.23586340248584747,
                0.5027291774749756,
                0.6634896993637085,
                1.0
            ]
        },
        "id": 1,
        "metadata": {
            "cameraCalibrationConstant": 0.7799999713897705,
            "ev": 7.27333927154541,
            "exposureTime": 0.009999999776482582,
            "timestamp": 1000015378920935700,
            "wbNormalizationData": {
                "ccm": {
                    "value": [
                        1.8903462886810303,
                        -0.6664991974830627,
                        -0.2238473743200302,
                        -0.5290016531944275,
                        1.844732642173767,
                        -0.3157307505607605,
                        -0.06417612731456757,
                        -0.6467501521110535,
                        1.7109302282333374
                    ]
                },
                "invCCM": {
                    "value": [
                        0.6411198288367674,
                        0.2352271617115074,
                        0.12365418459210718,
                        0.193152843795107,
                        0.6510263103952112,
                        0.15582289545300368,
                        0.09428614762734636,
                        0.2569038927760153,
                        0.6488252097989301
                    ]
                },
                "whiteBalanceColorGains": [
                    0.9473339014632827,
                    1.0,
                    1.2837144138820622
                ]
            },
            "whiteBalanceTemperature": 4906.0
        },
        "type": 1
    },
    "timestamp": 1000015378920935700
}