{
    "bufferMetadata": {
        "byteSize": 860160,
        "format": 13,
        "height": 640,
        "rowStride": 896,
        "type": 1,
        "width": 832
    },
    "channelIndex": 0,
    "extrinsics": {
        "value": [
            0.9999347426176487,
            -0.0003689257569202054,
            -0.011418160989535738,
            0.0,
            0.0003668739668502641,
            0.999999916178054,
            -0.00018178937826379693,
            0.0,
            0.011418227099227025,
            0.000177588489161995,
            0.9999347941504281,
            0.0,
            0.0,
            0.0,
            0.0,
            1.0
        ]
    },
    "intrinsics": {
        "distortionCoefficients": [
            5.2492451667785645,
            0.204847052693367,
            -0.09155680984258652,
            8.465497970581055,
            -3.7477821024367586e-05,
            -6.70523240842158e-06,
            4.362573146820068,
            -0.5641931295394897
        ],
        "focalLengthX": 0.8780673146247864,
        "focalLengthY": 0.8780673146247864,
        "model": 2,
        "principalPointX": 0.49480119347572327,
        "principalPointY": 0.4892016053199768
    },
    "streamFrame": {
        "channels": 3,
        "dataFlags": 7,
        "frameNumber": 43044,
        "hmdPose": {
            "value": [
                0.03046140339452874,
                0.17589540864860057,
                0.9839374522079678,
                0.0,
                -0.030573451038846983,
                0.984097621568638,
                -0.17497752810869904,
                0.0,
                -0.9990682502876069,
                -0.024752302272660467,
                0.03535472427583608,
                0.0,
                0.23586340248584747,
                0.5027291774749756,
                0.6634896993637085,
                1.0
            ]
        },
        "id": 1,
        "metadata": {
            "cameraCalibrationConstant": 0.7799999713897705,
            "ev": 7.290915012359619,
            "exposureTime": 0.009999999776482582,
            "timestamp": 1000015378854101800,
            "wbNormalizationData": {
                "ccm": {
                    "value": [
                        1.8852506875991821,
                        -0.6579108834266663,
                        -0.22734050452709198,
                        -0.5363834500312805,
                        1.847655177116394,
                        -0.3112715780735016,
                        -0.06600025296211243,
                        -0.6459216475486755,
                        1.7119274139404297
                    ]
                },
                "invCCM": {
                    "value": [
                        0.6411198288367674,
                        0.2352271617115074,
                        0.12365418459210718,
                        0.193152843795107,
                        0.6510263103952112,
                        0.15582289545300368,
                        0.09428614762734636,
                        0.2569038927760153,
                        0.6488252097989301
                    ]
                },
                "whiteBalanceColorGains": [
                    0.9436301721428426,
                    1.0,
                    1.296380870220342
                ]
            },
            "whiteBalanceTemperature": 4864.0
        },
        "type": 1
    },
    "timestamp": 1000015378854101800
}