{
    "bufferMetadata": {
        "byteSize": 860160,
        "format": 13,
        "height": 640,
        "rowStride": 896,
        "type": 1,
        "width": 832
    },
    "channelIndex": 0,
    "extrinsics": {
        "value": [
            0.9999347426176487,
            -0.0003689257569202054,
            -0.011418160989535738,
            0.0,
            0.0003668739668502641,
            0.999999916178054,
            -0.00018178937826379693,
            0.0,
            0.011418227099227025,
            0.000177588489161995,
            0.9999347941504281,
            0.0,
            0.0,
            0.0,
            0.0,
            1.0
        ]
    },
    "intrinsics": {
        "distortionCoefficients": [
            5.2492451667785645,
            0.204847052693367,
            -0.09155680984258652,
            8.465497970581055,
            -3.7477821024367586e-05,
            -6.70523240842158e-06,
            4.362573146820068,
            -0.5641931295394897
        ],
        "focalLengthX": 0.8780673146247864,
        "focalLengthY": 0.8780673146247864,
        "model": 2,
        "principalPointX": 0.49480119347572327,
        "principalPointY": 0.4892016053199768
    },
    "streamFrame": {
        "channels": 3,
        "dataFlags": 7,
        "frameNumber": 43025,
        "hmdPose": {
            "value": [
                0.4830773693389444,
                0.11470523385666902,
                0.8680316631928955,
                0.0,
                -0.060238578334817314,
                0.9933866337253558,
                -0.0977461491003281,
                0.0,
                -0.8735030467375242,
                -0.0050700403973108765,
                0.48679228193417,
                0.0,
                0.23586340248584747,
                0.5027291774749756,
                0.6634896993637085,
                1.0
            ]
        },
        "id": 1,
        "metadata": {
            "cameraCalibrationConstant": 0.7799999713897705,
            "ev": 7.171961307525635,
            "exposureTime": 0.009999999776482582,
            "timestamp": 1000015378643261900,
            "wbNormalizationData": {
                "ccm": {
                    "value": [
                        1.8571548461914063,
                        -0.6257116794586182,
                        -0.23144406080245972,
                        -0.5487374067306519,
                        1.8552297353744507,
                        -0.30649232864379883,
                        -0.06833244860172272,
                        -0.6434059143066406,
                        1.7117435932159424
                    ]
                },
                "invCCM": {
                    "value": [
                        0.6411198288367674,
                        0.2352271617115074,
                        0.12365418459210718,
                        0.193152843795107,
                        0.6510263103952112,
                        0.15582289545300368,
                        0.09428614762734636,
                        0.2569038927760153,
                        0.6488252097989301
                    ]
                },
                "whiteBalanceColorGains": [
                    0.9400757465218224,
                    1.0,
                    1.3019948894573745
                ]
            },
            "whiteBalanceTemperature": 4836.0
        },
        "type": 1
    },
    "timestamp": 1000015378643261900
}