{
    "bufferMetadata": {
        "byteSize": 860160,
        "format": 13,
        "height": 640,
        "rowStride": 896,
        "type": 1,
        "width": 832
    },
    "channelIndex": 0,
    "extrinsics": {
        "value": [
            0.9999347426176487,
            -0.0003689257569202054,
            -0.011418160989535738,
            0.0,
            0.0003668739668502641,
            0.999999916178054,
            -0.00018178937826379693,
            0.0,
            0.011418227099227025,
            0.000177588489161995,
            0.9999347941504281,
            0.0,
            0.0,
            0.0,
            0.0,
            1.0
        ]
    },
    "intrinsics": {
        "distortionCoefficients": [
            5.2492451667785645,
            0.204847052693367,
            -0.09155680984258652,
            8.465497970581055,
            -3.7477821024367586e-05,
            -6.70523240842158e-06,
            4.362573146820068,
            -0.5641931295394897
        ],
        "focalLengthX": 0.8780673146247864,
        "focalLengthY": 0.8780673146247864,
        "model": 2,
        "principalPointX": 0.49480119347572327,
        "principalPointY": 0.4892016053199768
    },
    "streamFrame": {
        "channels": 3,
        "dataFlags": 7,
        "frameNumber": 43005,
        "hmdPose": {
            "value": [
                0.35798624834305226,
                0.11897506323896269,
                0.9261159625354316,
                0.0,
                -0.12782269957222123,
                0.9887555838319787,
                -0.07761283940504536,
                0.0,
                -0.924936321705291,
                -0.09059431380461201,
                0.36916861582366767,
                0.0,
                0.23586340248584747,
                0.5027291774749756,
                0.6634896993637085,
                1.0
            ]
        },
        "id": 1,
        "metadata": {
            "cameraCalibrationConstant": 0.7799999713897705,
            "ev": 7.079329967498779,
            "exposureTime": 0.009999999776482582,
            "timestamp": 1000015378421004700,
            "wbNormalizationData": {
                "ccm": {
                    "value": [
                        1.8773412704467773,
                        -0.6547142267227173,
                        -0.22262711822986603,
                        -0.5290568470954895,
                        1.8464401960372925,
                        -0.3173830509185791,
                        -0.06364906579256058,
                        -0.6440037488937378,
                        1.707655906677246
                    ]
                },
                "invCCM": {
                    "value": [
                        0.6411198288367674,
                        0.2352271617115074,
                        0.12365418459210718,
                        0.193152843795107,
                        0.6510263103952112,
                        0.15582289545300368,
                        0.09428614762734636,
                        0.2569038927760153,
                        0.6488252097989301
                    ]
                },
                "whiteBalanceColorGains": [
                    0.9464045607525066,
                    1.0,
                    1.2733874358176613
                ]
            },
            "whiteBalanceTemperature": 4920.0
        },
        "type": 1
    },
    "timestamp": 1000015378421004700
}