{
    "bufferMetadata": {
        "byteSize": 860160,
        "format": 13,
        "height": 640,
        "rowStride": 896,
        "type": 1,
        "width": 832
    },
    "channelIndex": 0,
    "extrinsics": {
        "value": [
            0.9999347426176487,
            -0.0003689257569202054,
            -0.011418160989535738,
            0.0,
            0.0003668739668502641,
            0.999999916178054,
            -0.00018178937826379693,
            0.0,
            0.011418227099227025,
            0.000177588489161995,
            0.9999347941504281,
            0.0,
            0.0,
            0.0,
            0.0,
            1.0
        ]
    },
    "intrinsics": {
        "distortionCoefficients": [
            5.2492451667785645,
            0.204847052693367,
            -0.09155680984258652,
            8.465497970581055,
            -3.7477821024367586e-05,
            -6.70523240842158e-06,
            4.362573146820068,
            -0.5641931295394897
        ],
        "focalLengthX": 0.8780673146247864,
        "focalLengthY": 0.8780673146247864,
        "model": 2,
        "principalPointX": 0.49480119347572327,
        "principalPointY": 0.4892016053199768
    },
    "streamFrame": {
        "channels": 3,
        "dataFlags": 7,
        "frameNumber": 43157,
        "hmdPose": {
            "value": [
                0.43403863897962625,
                0.08898916142349489,
                0.89648836417406,
                0.0,
                0.014319573066284723,
                0.9943022405160068,
                -0.10563145512911852,
                0.0,
                -0.9007804437139708,
                0.058685463571814936,
                0.4302913044121619,
                0.0,
                0.23586340248584747,
                0.5027291774749756,
                0.6634896993637085,
                1.0
            ]
        },
        "id": 1,
        "metadata": {
            "cameraCalibrationConstant": 0.7799999713897705,
            "ev": 7.145655632019043,
            "exposureTime": 0.009999999776482582,
            "timestamp": 1000015380109917200,
            "wbNormalizationData": {
                "ccm": {
                    "value": [
                        1.8371905088424683,
                        -0.6011334657669067,
                        -0.2360580563545227,
                        -0.5556294918060303,
                        1.8598618507385254,
                        -0.30423256754875183,
                        -0.07037752121686935,
                        -0.6459742784500122,
                        1.716356873512268
                    ]
                },
                "invCCM": {
                    "value": [
                        0.6411198288367674,
                        0.2352271617115074,
                        0.12365418459210718,
                        0.193152843795107,
                        0.6510263103952112,
                        0.15582289545300368,
                        0.09428614762734636,
                        0.2569038927760153,
                        0.6488252097989301
                    ]
                },
                "whiteBalanceColorGains": [
                    0.9366266648027535,
                    1.0,
                    1.305288738857878
                ]
            },
            "whiteBalanceTemperature": 4812.0
        },
        "type": 1
    },
    "timestamp": 1000015380109917200
}