{
    "bufferMetadata": {
        "byteSize": 860160,
        "format": 13,
        "height": 640,
        "rowStride": 896,
        "type": 1,
        "width": 832
    },
    "channelIndex": 0,
    "extrinsics": {
        "value": [
            0.9999347426176487,
            -0.0003689257569202054,
            -0.011418160989535738,
            0.0,
            0.0003668739668502641,
            0.999999916178054,
            -0.00018178937826379693,
            0.0,
            0.011418227099227025,
            0.000177588489161995,
            0.9999347941504281,
            0.0,
            0.0,
            0.0,
            0.0,
            1.0
        ]
    },
    "intrinsics": {
        "distortionCoefficients": [
            5.2492451667785645,
            0.204847052693367,
            -0.09155680984258652,
            8.465497970581055,
            -3.7477821024367586e-05,
            -6.70523240842158e-06,
            4.362573146820068,
            -0.5641931295394897
        ],
        "focalLengthX": 0.8780673146247864,
        "focalLengthY": 0.8780673146247864,
        "model": 2,
        "principalPointX": 0.49480119347572327,
        "principalPointY": 0.4892016053199768
    },
    "streamFrame": {
        "channels": 3,
        "dataFlags": 7,
        "frameNumber": 43095,
        "hmdPose": {
            "value": [
                -0.7783785655836928,
                0.17639574202703728,
                0.6025042547658868,
                0.0,
                0.12962204423738233,
                0.984191877866148,
                -0.12068336017326883,
                0.0,
                -0.6142678247018867,
                -0.015839506612257435,
                -0.7889386388675115,
                0.0,
                0.23586340248584747,
                0.5027291774749756,
                0.6634896993637085,
                1.0
            ]
        },
        "id": 1,
        "metadata": {
            "cameraCalibrationConstant": 0.7799999713897705,
            "ev": 7.064858913421631,
            "exposureTime": 0.009999999776482582,
            "timestamp": 1000015379421017800,
            "wbNormalizationData": {
                "ccm": {
                    "value": [
                        1.8608496189117432,
                        -0.6411311626434326,
                        -0.21971848607063293,
                        -0.5271738767623901,
                        1.8484435081481934,
                        -0.3212694525718689,
                        -0.06247633695602417,
                        -0.6477421522140503,
                        1.7102165222167969
                    ]
                },
                "invCCM": {
                    "value": [
                        0.6411198288367674,
                        0.2352271617115074,
                        0.12365418459210718,
                        0.193152843795107,
                        0.6510263103952112,
                        0.15582289545300368,
                        0.09428614762734636,
                        0.2569038927760153,
                        0.6488252097989301
                    ]
                },
                "whiteBalanceColorGains": [
                    0.9511046013072486,
                    1.0,
                    1.2683195174785076
                ]
            },
            "whiteBalanceTemperature": 4954.0
        },
        "type": 1
    },
    "timestamp": 1000015379421017800
}