{
    "bufferMetadata": {
        "byteSize": 860160,
        "format": 13,
        "height": 640,
        "rowStride": 896,
        "type": 1,
        "width": 832
    },
    "channelIndex": 0,
    "extrinsics": {
        "value": [
            0.9999347426176487,
            -0.0003689257569202054,
            -0.011418160989535738,
            0.0,
            0.0003668739668502641,
            0.999999916178054,
            -0.00018178937826379693,
            0.0,
            0.011418227099227025,
            0.000177588489161995,
            0.9999347941504281,
            0.0,
            0.0,
            0.0,
            0.0,
            1.0
        ]
    },
    "intrinsics": {
        "distortionCoefficients": [
            5.2492451667785645,
            0.204847052693367,
            -0.09155680984258652,
            8.465497970581055,
            -3.7477821024367586e-05,
            -6.70523240842158e-06,
            4.362573146820068,
            -0.5641931295394897
        ],
        "focalLengthX": 0.8780673146247864,
        "focalLengthY": 0.8780673146247864,
        "model": 2,
        "principalPointX": 0.49480119347572327,
        "principalPointY": 0.4892016053199768
    },
    "streamFrame": {
        "channels": 3,
        "dataFlags": 7,
        "frameNumber": 43163,
        "hmdPose": {
            "value": [
                0.30660707991488745,
                0.10030356099800729,
                0.946536475464149,
                0.0,
                -0.002520809378758454,
                0.9945142118659511,
                -0.10457116217083184,
                0.0,
                -0.9518328368222282,
                0.029676220931942783,
                0.30517794457618874,
                0.0,
                0.23586340248584747,
                0.5027291774749756,
                0.6634896993637085,
                1.0
            ]
        },
        "id": 1,
        "metadata": {
            "cameraCalibrationConstant": 0.7799999713897705,
            "ev": 7.197153091430664,
            "exposureTime": 0.009999999776482582,
            "timestamp": 1000015380176584300,
            "wbNormalizationData": {
                "ccm": {
                    "value": [
                        1.844705581665039,
                        -0.6102998852729797,
                        -0.23440669476985931,
                        -0.5532644987106323,
                        1.8582080602645874,
                        -0.30494365096092224,
                        -0.06966383755207062,
                        -0.6452734470367432,
                        1.7149425745010376
                    ]
                },
                "invCCM": {
                    "value": [
                        0.6411198288367674,
                        0.2352271617115074,
                        0.12365418459210718,
                        0.193152843795107,
                        0.6510263103952112,
                        0.15582289545300368,
                        0.09428614762734636,
                        0.2569038927760153,
                        0.6488252097989301
                    ]
                },
                "whiteBalanceColorGains": [
                    0.9373564240427239,
                    1.0,
                    1.3064017063315403
                ]
            },
            "whiteBalanceTemperature": 4814.0
        },
        "type": 1
    },
    "timestamp": 1000015380176584300
}