{
    "bufferMetadata": {
        "byteSize": 860160,
        "format": 13,
        "height": 640,
        "rowStride": 896,
        "type": 1,
        "width": 832
    },
    "channelIndex": 0,
    "extrinsics": {
        "value": [
            0.9999347426176487,
            -0.0003689257569202054,
            -0.011418160989535738,
            0.0,
            0.0003668739668502641,
            0.999999916178054,
            -0.00018178937826379693,
            0.0,
            0.011418227099227025,
            0.000177588489161995,
            0.9999347941504281,
            0.0,
            0.0,
            0.0,
            0.0,
            1.0
        ]
    },
    "intrinsics": {
        "distortionCoefficients": [
            5.2492451667785645,
            0.204847052693367,
            -0.09155680984258652,
            8.465497970581055,
            -3.7477821024367586e-05,
            -6.70523240842158e-06,
            4.362573146820068,
            -0.5641931295394897
        ],
        "focalLengthX": 0.8780673146247864,
        "focalLengthY": 0.8780673146247864,
        "model": 2,
        "principalPointX": 0.49480119347572327,
        "principalPointY": 0.4892016053199768
    },
    "streamFrame": {
        "channels": 3,
        "dataFlags": 7,
        "frameNumber": 42996,
        "hmdPose": {
            "value": [
                0.12289956111914191,
                0.12935575927000487,
                0.9839526495866476,
                0.0,
                -0.09371265684861696,
                0.9885512815722268,
                -0.11825524113390938,
                0.0,
                -0.9879846491880716,
                -0.0776752962848951,
                0.1336147901345457,
                0.0,
                0.23586340248584747,
                0.5027291774749756,
                0.6634896993637085,
                1.0
            ]
        },
        "id": 1,
        "metadata": {
            "cameraCalibrationConstant": 0.7799999713897705,
            "ev": 7.057957649230957,
            "exposureTime": 0.009999999776482582,
            "timestamp": 1000015378321008800,
            "wbNormalizationData": {
                "ccm": {
                    "value": [
                        1.8536159992218018,
                        -0.6341490745544434,
                        -0.21946658194065094,
                        -0.5239863991737366,
                        1.8479458093643188,
                        -0.323959082365036,
                        -0.061911776661872864,
                        -0.6435579061508179,
                        1.7054691314697266
                    ]
                },
                "invCCM": {
                    "value": [
                        0.6411198288367674,
                        0.2352271617115074,
                        0.12365418459210718,
                        0.193152843795107,
                        0.6510263103952112,
                        0.15582289545300368,
                        0.09428614762734636,
                        0.2569038927760153,
                        0.6488252097989301
                    ]
                },
                "whiteBalanceColorGains": [
                    0.9491399774388477,
                    1.0,
                    1.252743437499317
                ]
            },
            "whiteBalanceTemperature": 4972.0
        },
        "type": 1
    },
    "timestamp": 1000015378321008800
}