{
    "bufferMetadata": {
        "byteSize": 860160,
        "format": 13,
        "height": 640,
        "rowStride": 896,
        "type": 1,
        "width": 832
    },
    "channelIndex": 0,
    "extrinsics": {
        "value": [
            0.9999347426176487,
            -0.0003689257569202054,
            -0.011418160989535738,
            0.0,
            0.0003668739668502641,
            0.999999916178054,
            -0.00018178937826379693,
            0.0,
            0.011418227099227025,
            0.000177588489161995,
            0.9999347941504281,
            0.0,
            0.0,
            0.0,
            0.0,
            1.0
        ]
    },
    "intrinsics": {
        "distortionCoefficients": [
            5.2492451667785645,
            0.204847052693367,
            -0.09155680984258652,
            8.465497970581055,
            -3.7477821024367586e-05,
            -6.70523240842158e-06,
            4.362573146820068,
            -0.5641931295394897
        ],
        "focalLengthX": 0.8780673146247864,
        "focalLengthY": 0.8780673146247864,
        "model": 2,
        "principalPointX": 0.49480119347572327,
        "principalPointY": 0.4892016053199768
    },
    "streamFrame": {
        "channels": 3,
        "dataFlags": 7,
        "frameNumber": 43138,
        "hmdPose": {
            "value": [
                0.41353105688895064,
                0.13581754895091994,
                0.9003030912667691,
                0.0,
                0.009949270395347903,
                0.9880784984211912,
                -0.1536290757987395,
                0.0,
                -0.9104356510847629,
                0.07248775282169434,
                0.40724986023319165,
                0.0,
                0.23586340248584747,
                0.5027291774749756,
                0.6634896993637085,
                1.0
            ]
        },
        "id": 1,
        "metadata": {
            "cameraCalibrationConstant": 0.7799999713897705,
            "ev": 7.053836345672607,
            "exposureTime": 0.009999999776482582,
            "timestamp": 1000015379898804300,
            "wbNormalizationData": {
                "ccm": {
                    "value": [
                        1.86390221118927,
                        -0.637484073638916,
                        -0.22641856968402863,
                        -0.5360592007637024,
                        1.850379467010498,
                        -0.31431999802589417,
                        -0.06550031900405884,
                        -0.6459771394729614,
                        1.7114801406860352
                    ]
                },
                "invCCM": {
                    "value": [
                        0.6411198288367674,
                        0.2352271617115074,
                        0.12365418459210718,
                        0.193152843795107,
                        0.6510263103952112,
                        0.15582289545300368,
                        0.09428614762734636,
                        0.2569038927760153,
                        0.6488252097989301
                    ]
                },
                "whiteBalanceColorGains": [
                    0.942775982069191,
                    1.0,
                    1.2802895342683474
                ]
            },
            "whiteBalanceTemperature": 4889.0
        },
        "type": 1
    },
    "timestamp": 1000015379898804300
}