{
    "bufferMetadata": {
        "byteSize": 860160,
        "format": 13,
        "height": 640,
        "rowStride": 896,
        "type": 1,
        "width": 832
    },
    "channelIndex": 0,
    "extrinsics": {
        "value": [
            0.9999347426176487,
            -0.0003689257569202054,
            -0.011418160989535738,
            0.0,
            0.0003668739668502641,
            0.999999916178054,
            -0.00018178937826379693,
            0.0,
            0.011418227099227025,
            0.000177588489161995,
            0.9999347941504281,
            0.0,
            0.0,
            0.0,
            0.0,
            1.0
        ]
    },
    "intrinsics": {
        "distortionCoefficients": [
            5.2492451667785645,
            0.204847052693367,
            -0.09155680984258652,
            8.465497970581055,
            -3.7477821024367586e-05,
            -6.70523240842158e-06,
            4.362573146820068,
            -0.5641931295394897
        ],
        "focalLengthX": 0.8780673146247864,
        "focalLengthY": 0.8780673146247864,
        "model": 2,
        "principalPointX": 0.49480119347572327,
        "principalPointY": 0.4892016053199768
    },
    "streamFrame": {
        "channels": 3,
        "dataFlags": 7,
        "frameNumber": 43101,
        "hmdPose": {
            "value": [
                -0.666966956904161,
                0.189606695696162,
                0.7205583823594762,
                0.0,
                0.1045859164750111,
                0.9813286882604735,
                -0.16141806499319683,
                0.0,
                -0.7377105580892848,
                -0.032300256628221155,
                -0.6743439989813316,
                0.0,
                0.23586340248584747,
                0.5027291774749756,
                0.6634896993637085,
                1.0
            ]
        },
        "id": 1,
        "metadata": {
            "cameraCalibrationConstant": 0.7799999713897705,
            "ev": 7.074344158172607,
            "exposureTime": 0.009999999776482582,
            "timestamp": 1000015379487685100,
            "wbNormalizationData": {
                "ccm": {
                    "value": [
                        1.8516600131988525,
                        -0.6324278712272644,
                        -0.2192319929599762,
                        -0.5279085636138916,
                        1.8499455451965332,
                        -0.3220365643501282,
                        -0.06232312694191933,
                        -0.6473650336265564,
                        1.7096850872039795
                    ]
                },
                "invCCM": {
                    "value": [
                        0.6411198288367674,
                        0.2352271617115074,
                        0.12365418459210718,
                        0.193152843795107,
                        0.6510263103952112,
                        0.15582289545300368,
                        0.09428614762734636,
                        0.2569038927760153,
                        0.6488252097989301
                    ]
                },
                "whiteBalanceColorGains": [
                    0.9509878850522456,
                    1.0,
                    1.2631079395080016
                ]
            },
            "whiteBalanceTemperature": 4963.0
        },
        "type": 1
    },
    "timestamp": 1000015379487685100
}