{
    "bufferMetadata": {
        "byteSize": 860160,
        "format": 13,
        "height": 640,
        "rowStride": 896,
        "type": 1,
        "width": 832
    },
    "channelIndex": 0,
    "extrinsics": {
        "value": [
            0.9999347426176487,
            -0.0003689257569202054,
            -0.011418160989535738,
            0.0,
            0.0003668739668502641,
            0.999999916178054,
            -0.00018178937826379693,
            0.0,
            0.011418227099227025,
            0.000177588489161995,
            0.9999347941504281,
            0.0,
            0.0,
            0.0,
            0.0,
            1.0
        ]
    },
    "intrinsics": {
        "distortionCoefficients": [
            5.2492451667785645,
            0.204847052693367,
            -0.09155680984258652,
            8.465497970581055,
            -3.7477821024367586e-05,
            -6.70523240842158e-06,
            4.362573146820068,
            -0.5641931295394897
        ],
        "focalLengthX": 0.8780673146247864,
        "focalLengthY": 0.8780673146247864,
        "model": 2,
        "principalPointX": 0.49480119347572327,
        "principalPointY": 0.4892016053199768
    },
    "streamFrame": {
        "channels": 3,
        "dataFlags": 7,
        "frameNumber": 43024,
        "hmdPose": {
            "value": [
                0.49210352431091653,
                0.11447334523079052,
                0.8629773865235144,
                0.0,
                -0.06276623671176777,
                0.9934021301579992,
                -0.09598232786507721,
                0.0,
                -0.8682709922301477,
                -0.006932601606113871,
                0.4960417504439215,
                0.0,
                0.23586340248584747,
                0.5027291774749756,
                0.6634896993637085,
                1.0
            ]
        },
        "id": 1,
        "metadata": {
            "cameraCalibrationConstant": 0.7799999713897705,
            "ev": 7.165760517120361,
            "exposureTime": 0.009999999776482582,
            "timestamp": 1000015378632149200,
            "wbNormalizationData": {
                "ccm": {
                    "value": [
                        1.857709527015686,
                        -0.6264517903327942,
                        -0.23125863075256348,
                        -0.5484388470649719,
                        1.8550621271133423,
                        -0.30662333965301514,
                        -0.06824428588151932,
                        -0.6432193517684937,
                        1.7114688158035278
                    ]
                },
                "invCCM": {
                    "value": [
                        0.6411198288367674,
                        0.2352271617115074,
                        0.12365418459210718,
                        0.193152843795107,
                        0.6510263103952112,
                        0.15582289545300368,
                        0.09428614762734636,
                        0.2569038927760153,
                        0.6488252097989301
                    ]
                },
                "whiteBalanceColorGains": [
                    0.9404332773405666,
                    1.0,
                    1.3011145947256149
                ]
            },
            "whiteBalanceTemperature": 4839.0
        },
        "type": 1
    },
    "timestamp": 1000015378632149200
}