{
    "bufferMetadata": {
        "byteSize": 860160,
        "format": 13,
        "height": 640,
        "rowStride": 896,
        "type": 1,
        "width": 832
    },
    "channelIndex": 0,
    "extrinsics": {
        "value": [
            0.9999347426176487,
            -0.0003689257569202054,
            -0.011418160989535738,
            0.0,
            0.0003668739668502641,
            0.999999916178054,
            -0.00018178937826379693,
            0.0,
            0.011418227099227025,
            0.000177588489161995,
            0.9999347941504281,
            0.0,
            0.0,
            0.0,
            0.0,
            1.0
        ]
    },
    "intrinsics": {
        "distortionCoefficients": [
            5.2492451667785645,
            0.204847052693367,
            -0.09155680984258652,
            8.465497970581055,
            -3.7477821024367586e-05,
            -6.70523240842158e-06,
            4.362573146820068,
            -0.5641931295394897
        ],
        "focalLengthX": 0.8780673146247864,
        "focalLengthY": 0.8780673146247864,
        "model": 2,
        "principalPointX": 0.49480119347572327,
        "principalPointY": 0.4892016053199768
    },
    "streamFrame": {
        "channels": 3,
        "dataFlags": 7,
        "frameNumber": 43082,
        "hmdPose": {
            "value": [
                -0.8825924892890824,
                0.1369338059928399,
                0.44975510276692127,
                0.0,
                0.12748028094506444,
                0.9905079623786459,
                -0.05140772845378486,
                0.0,
                -0.4525254663096167,
                0.011962832061260625,
                -0.8916712482376672,
                0.0,
                0.23586340248584747,
                0.5027291774749756,
                0.6634896993637085,
                1.0
            ]
        },
        "id": 1,
        "metadata": {
            "cameraCalibrationConstant": 0.7799999713897705,
            "ev": 7.087499618530273,
            "exposureTime": 0.009999999776482582,
            "timestamp": 1000015379276572200,
            "wbNormalizationData": {
                "ccm": {
                    "value": [
                        1.8595514297485352,
                        -0.6405175924301147,
                        -0.21903368830680847,
                        -0.5259243845939636,
                        1.8482418060302734,
                        -0.3223169147968292,
                        -0.06212196499109268,
                        -0.6479693055152893,
                        1.7100889682769775
                    ]
                },
                "invCCM": {
                    "value": [
                        0.6411198288367674,
                        0.2352271617115074,
                        0.12365418459210718,
                        0.193152843795107,
                        0.6510263103952112,
                        0.15582289545300368,
                        0.09428614762734636,
                        0.2569038927760153,
                        0.6488252097989301
                    ]
                },
                "whiteBalanceColorGains": [
                    0.950595505619472,
                    1.0,
                    1.2641090637690895
                ]
            },
            "whiteBalanceTemperature": 4959.0
        },
        "type": 1
    },
    "timestamp": 1000015379276572200
}