{
    "bufferMetadata": {
        "byteSize": 860160,
        "format": 13,
        "height": 640,
        "rowStride": 896,
        "type": 1,
        "width": 832
    },
    "channelIndex": 0,
    "extrinsics": {
        "value": [
            0.9999347426176487,
            -0.0003689257569202054,
            -0.011418160989535738,
            0.0,
            0.0003668739668502641,
            0.999999916178054,
            -0.00018178937826379693,
            0.0,
            0.011418227099227025,
            0.000177588489161995,
            0.9999347941504281,
            0.0,
            0.0,
            0.0,
            0.0,
            1.0
        ]
    },
    "intrinsics": {
        "distortionCoefficients": [
            5.2492451667785645,
            0.204847052693367,
            -0.09155680984258652,
            8.465497970581055,
            -3.7477821024367586e-05,
            -6.70523240842158e-06,
            4.362573146820068,
            -0.5641931295394897
        ],
        "focalLengthX": 0.8780673146247864,
        "focalLengthY": 0.8780673146247864,
        "model": 2,
        "principalPointX": 0.49480119347572327,
        "principalPointY": 0.4892016053199768
    },
    "streamFrame": {
        "channels": 3,
        "dataFlags": 7,
        "frameNumber": 43102,
        "hmdPose": {
            "value": [
                -0.6435221517545693,
                0.1898917274568062,
                0.7414987457905386,
                0.0,
                0.0986343158390541,
                0.9812338796084837,
                -0.16568447559311628,
                0.0,
                -0.7590458022441291,
                -0.03348440767094847,
                -0.6501755782675318,
                0.0,
                0.23586340248584747,
                0.5027291774749756,
                0.6634896993637085,
                1.0
            ]
        },
        "id": 1,
        "metadata": {
            "cameraCalibrationConstant": 0.7799999713897705,
            "ev": 7.077844619750977,
            "exposureTime": 0.009999999776482582,
            "timestamp": 1000015379498796200,
            "wbNormalizationData": {
                "ccm": {
                    "value": [
                        1.8506735563278198,
                        -0.6316443681716919,
                        -0.219029039144516,
                        -0.5277144312858582,
                        1.850026249885559,
                        -0.3223114013671875,
                        -0.0622311495244503,
                        -0.6473631858825684,
                        1.7095911502838135
                    ]
                },
                "invCCM": {
                    "value": [
                        0.6411198288367674,
                        0.2352271617115074,
                        0.12365418459210718,
                        0.193152843795107,
                        0.6510263103952112,
                        0.15582289545300368,
                        0.09428614762734636,
                        0.2569038927760153,
                        0.6488252097989301
                    ]
                },
                "whiteBalanceColorGains": [
                    0.9511951811017296,
                    1.0,
                    1.2621882992812647
                ]
            },
            "whiteBalanceTemperature": 4965.0
        },
        "type": 1
    },
    "timestamp": 1000015379498796200
}