{
    "bufferMetadata": {
        "byteSize": 860160,
        "format": 13,
        "height": 640,
        "rowStride": 896,
        "type": 1,
        "width": 832
    },
    "channelIndex": 0,
    "extrinsics": {
        "value": [
            0.9999347426176487,
            -0.0003689257569202054,
            -0.011418160989535738,
            0.0,
            0.0003668739668502641,
            0.999999916178054,
            -0.00018178937826379693,
            0.0,
            0.011418227099227025,
            0.000177588489161995,
            0.9999347941504281,
            0.0,
            0.0,
            0.0,
            0.0,
            1.0
        ]
    },
    "intrinsics": {
        "distortionCoefficients": [
            5.2492451667785645,
            0.204847052693367,
            -0.09155680984258652,
            8.465497970581055,
            -3.7477821024367586e-05,
            -6.70523240842158e-06,
            4.362573146820068,
            -0.5641931295394897
        ],
        "focalLengthX": 0.8780673146247864,
        "focalLengthY": 0.8780673146247864,
        "model": 2,
        "principalPointX": 0.49480119347572327,
        "principalPointY": 0.4892016053199768
    },
    "streamFrame": {
        "channels": 3,
        "dataFlags": 7,
        "frameNumber": 43167,
        "hmdPose": {
            "value": [
                0.1887406699927865,
                0.11187580038956133,
                0.9756335227026067,
                0.0,
                -0.013977234278109409,
                0.9936949453529189,
                -0.11124294380951777,
                0.0,
                -0.9819274933801567,
                0.00735940980430589,
                0.18911436400239878,
                0.0,
                0.23586340248584747,
                0.5027291774749756,
                0.6634896993637085,
                1.0
            ]
        },
        "id": 1,
        "metadata": {
            "cameraCalibrationConstant": 0.7799999713897705,
            "ev": 7.231202125549316,
            "exposureTime": 0.009999999776482582,
            "timestamp": 1000015380221029100,
            "wbNormalizationData": {
                "ccm": {
                    "value": [
                        1.8497123718261719,
                        -0.6166523694992065,
                        -0.2330607771873474,
                        -0.5502715706825256,
                        1.8566241264343262,
                        -0.3063527047634125,
                        -0.06896592676639557,
                        -0.645321249961853,
                        1.7142925262451172
                    ]
                },
                "invCCM": {
                    "value": [
                        0.6411198288367674,
                        0.2352271617115074,
                        0.12365418459210718,
                        0.193152843795107,
                        0.6510263103952112,
                        0.15582289545300368,
                        0.09428614762734636,
                        0.2569038927760153,
                        0.6488252097989301
                    ]
                },
                "whiteBalanceColorGains": [
                    0.9378659187604321,
                    1.0,
                    1.3029510821346924
                ]
            },
            "whiteBalanceTemperature": 4822.0
        },
        "type": 1
    },
    "timestamp": 1000015380221029100
}