{
    "bufferMetadata": {
        "byteSize": 860160,
        "format": 13,
        "height": 640,
        "rowStride": 896,
        "type": 1,
        "width": 832
    },
    "channelIndex": 0,
    "extrinsics": {
        "value": [
            0.9999347426176487,
            -0.0003689257569202054,
            -0.011418160989535738,
            0.0,
            0.0003668739668502641,
            0.999999916178054,
            -0.00018178937826379693,
            0.0,
            0.011418227099227025,
            0.000177588489161995,
            0.9999347941504281,
            0.0,
            0.0,
            0.0,
            0.0,
            1.0
        ]
    },
    "intrinsics": {
        "distortionCoefficients": [
            5.2492451667785645,
            0.204847052693367,
            -0.09155680984258652,
            8.465497970581055,
            -3.7477821024367586e-05,
            -6.70523240842158e-06,
            4.362573146820068,
            -0.5641931295394897
        ],
        "focalLengthX": 0.8780673146247864,
        "focalLengthY": 0.8780673146247864,
        "model": 2,
        "principalPointX": 0.49480119347572327,
        "principalPointY": 0.4892016053199768
    },
    "streamFrame": {
        "channels": 3,
        "dataFlags": 7,
        "frameNumber": 43122,
        "hmdPose": {
            "value": [
                -0.04071323305034902,
                0.14837719664286056,
                0.9880924297190883,
                0.0,
                -0.006822174194559244,
                0.9888480272163753,
                -0.14877176180751034,
                0.0,
                -0.9991475867413306,
                -0.012797917348435453,
                -0.039246945159014945,
                0.0,
                0.23586340248584747,
                0.5027291774749756,
                0.6634896993637085,
                1.0
            ]
        },
        "id": 1,
        "metadata": {
            "cameraCalibrationConstant": 0.7799999713897705,
            "ev": 7.049896240234375,
            "exposureTime": 0.009999999776482582,
            "timestamp": 1000015379721025100,
            "wbNormalizationData": {
                "ccm": {
                    "value": [
                        1.835092544555664,
                        -0.6151523590087891,
                        -0.2199402004480362,
                        -0.529070258140564,
                        1.8522378206253052,
                        -0.323167085647583,
                        -0.062476128339767456,
                        -0.6445582509040833,
                        1.707031488418579
                    ]
                },
                "invCCM": {
                    "value": [
                        0.6411198288367674,
                        0.2352271617115074,
                        0.12365418459210718,
                        0.193152843795107,
                        0.6510263103952112,
                        0.15582289545300368,
                        0.09428614762734636,
                        0.2569038927760153,
                        0.6488252097989301
                    ]
                },
                "whiteBalanceColorGains": [
                    0.9471035281827526,
                    1.0,
                    1.2492295447750519
                ]
            },
            "whiteBalanceTemperature": 4968.0
        },
        "type": 1
    },
    "timestamp": 1000015379721025100
}