{
    "bufferMetadata": {
        "byteSize": 860160,
        "format": 13,
        "height": 640,
        "rowStride": 896,
        "type": 1,
        "width": 832
    },
    "channelIndex": 0,
    "extrinsics": {
        "value": [
            0.9999347426176487,
            -0.0003689257569202054,
            -0.011418160989535738,
            0.0,
            0.0003668739668502641,
            0.999999916178054,
            -0.00018178937826379693,
            0.0,
            0.011418227099227025,
            0.000177588489161995,
            0.9999347941504281,
            0.0,
            0.0,
            0.0,
            0.0,
            1.0
        ]
    },
    "intrinsics": {
        "distortionCoefficients": [
            5.2492451667785645,
            0.204847052693367,
            -0.09155680984258652,
            8.465497970581055,
            -3.7477821024367586e-05,
            -6.70523240842158e-06,
            4.362573146820068,
            -0.5641931295394897
        ],
        "focalLengthX": 0.8780673146247864,
        "focalLengthY": 0.8780673146247864,
        "model": 2,
        "principalPointX": 0.49480119347572327,
        "principalPointY": 0.4892016053199768
    },
    "streamFrame": {
        "channels": 3,
        "dataFlags": 7,
        "frameNumber": 43074,
        "hmdPose": {
            "value": [
                -0.8402248800936818,
                0.20064164696124945,
                0.5037510359143242,
                0.0,
                0.1762360632619485,
                0.9796326701090792,
                -0.09623243708091064,
                0.0,
                -0.5127992069865241,
                0.00792221214549823,
                -0.8584720367799661,
                0.0,
                0.23586340248584747,
                0.5027291774749756,
                0.6634896993637085,
                1.0
            ]
        },
        "id": 1,
        "metadata": {
            "cameraCalibrationConstant": 0.7799999713897705,
            "ev": 7.106567859649658,
            "exposureTime": 0.009999999776482582,
            "timestamp": 1000015379187682600,
            "wbNormalizationData": {
                "ccm": {
                    "value": [
                        1.8407580852508545,
                        -0.6222347617149353,
                        -0.21852292120456696,
                        -0.527449369430542,
                        1.8511930704116821,
                        -0.32374322414398193,
                        -0.06194072961807251,
                        -0.6461540460586548,
                        1.7080905437469482
                    ]
                },
                "invCCM": {
                    "value": [
                        0.6411198288367674,
                        0.2352271617115074,
                        0.12365418459210718,
                        0.193152843795107,
                        0.6510263103952112,
                        0.15582289545300368,
                        0.09428614762734636,
                        0.2569038927760153,
                        0.6488252097989301
                    ]
                },
                "whiteBalanceColorGains": [
                    0.9507448758238805,
                    1.0,
                    1.2525237584856939
                ]
            },
            "whiteBalanceTemperature": 4980.0
        },
        "type": 1
    },
    "timestamp": 1000015379187682600
}