{
    "bufferMetadata": {
        "byteSize": 860160,
        "format": 13,
        "height": 640,
        "rowStride": 896,
        "type": 1,
        "width": 832
    },
    "channelIndex": 0,
    "extrinsics": {
        "value": [
            0.9999347426176487,
            -0.0003689257569202054,
            -0.011418160989535738,
            0.0,
            0.0003668739668502641,
            0.999999916178054,
            -0.00018178937826379693,
            0.0,
            0.011418227099227025,
            0.000177588489161995,
            0.9999347941504281,
            0.0,
            0.0,
            0.0,
            0.0,
            1.0
        ]
    },
    "intrinsics": {
        "distortionCoefficients": [
            5.2492451667785645,
            0.204847052693367,
            -0.09155680984258652,
            8.465497970581055,
            -3.7477821024367586e-05,
            -6.70523240842158e-06,
            4.362573146820068,
            -0.5641931295394897
        ],
        "focalLengthX": 0.8780673146247864,
        "focalLengthY": 0.8780673146247864,
        "model": 2,
        "principalPointX": 0.49480119347572327,
        "principalPointY": 0.4892016053199768
    },
    "streamFrame": {
        "channels": 3,
        "dataFlags": 7,
        "frameNumber": 43161,
        "hmdPose": {
            "value": [
                0.355354469396549,
                0.09489733909094716,
                0.9299019779015159,
                0.0,
                0.004229782585296889,
                0.9946596907435045,
                -0.1031222986860269,
                0.0,
                -0.9347220455359841,
                0.040578252555609366,
                0.353055371539962,
                0.0,
                0.23586340248584747,
                0.5027291774749756,
                0.6634896993637085,
                1.0
            ]
        },
        "id": 1,
        "metadata": {
            "cameraCalibrationConstant": 0.7799999713897705,
            "ev": 7.17946195602417,
            "exposureTime": 0.009999999776482582,
            "timestamp": 1000015380154362000,
            "wbNormalizationData": {
                "ccm": {
                    "value": [
                        1.8411012887954712,
                        -0.6058123707771301,
                        -0.23528991639614105,
                        -0.5546984672546387,
                        1.8590977191925049,
                        -0.30439940094947815,
                        -0.07006531953811646,
                        -0.6455098390579224,
                        1.7155803442001343
                    ]
                },
                "invCCM": {
                    "value": [
                        0.6411198288367674,
                        0.2352271617115074,
                        0.12365418459210718,
                        0.193152843795107,
                        0.6510263103952112,
                        0.15582289545300368,
                        0.09428614762734636,
                        0.2569038927760153,
                        0.6488252097989301
                    ]
                },
                "whiteBalanceColorGains": [
                    0.9370103320820198,
                    1.0,
                    1.3061684264060731
                ]
            },
            "whiteBalanceTemperature": 4812.0
        },
        "type": 1
    },
    "timestamp": 1000015380154362000
}