{
    "bufferMetadata": {
        "byteSize": 860160,
        "format": 13,
        "height": 640,
        "rowStride": 896,
        "type": 1,
        "width": 832
    },
    "channelIndex": 0,
    "extrinsics": {
        "value": [
            0.9999347426176487,
            -0.0003689257569202054,
            -0.011418160989535738,
            0.0,
            0.0003668739668502641,
            0.999999916178054,
            -0.00018178937826379693,
            0.0,
            0.011418227099227025,
            0.000177588489161995,
            0.9999347941504281,
            0.0,
            0.0,
            0.0,
            0.0,
            1.0
        ]
    },
    "intrinsics": {
        "distortionCoefficients": [
            5.2492451667785645,
            0.204847052693367,
            -0.09155680984258652,
            8.465497970581055,
            -3.7477821024367586e-05,
            -6.70523240842158e-06,
            4.362573146820068,
            -0.5641931295394897
        ],
        "focalLengthX": 0.8780673146247864,
        "focalLengthY": 0.8780673146247864,
        "model": 2,
        "principalPointX": 0.49480119347572327,
        "principalPointY": 0.4892016053199768
    },
    "streamFrame": {
        "channels": 3,
        "dataFlags": 7,
        "frameNumber": 43166,
        "hmdPose": {
            "value": [
                0.22037356220997262,
                0.10842077445908525,
                0.9693711473759198,
                0.0,
                -0.011383238130071374,
                0.9940214456602298,
                -0.10858999677976852,
                0.0,
                -0.9753491208735922,
                0.012895781350822387,
                0.22029022641506713,
                0.0,
                0.23586340248584747,
                0.5027291774749756,
                0.6634896993637085,
                1.0
            ]
        },
        "id": 1,
        "metadata": {
            "cameraCalibrationConstant": 0.7799999713897705,
            "ev": 7.223825931549072,
            "exposureTime": 0.009999999776482582,
            "timestamp": 1000015380209917900,
            "wbNormalizationData": {
                "ccm": {
                    "value": [
                        1.848742961883545,
                        -0.6154482364654541,
                        -0.23329560458660126,
                        -0.5509475469589233,
                        1.8569574356079102,
                        -0.30601000785827637,
                        -0.0690990537405014,
                        -0.6450417041778564,
                        1.7141461372375488
                    ]
                },
                "invCCM": {
                    "value": [
                        0.6411198288367674,
                        0.2352271617115074,
                        0.12365418459210718,
                        0.193152843795107,
                        0.6510263103952112,
                        0.15582289545300368,
                        0.09428614762734636,
                        0.2569038927760153,
                        0.6488252097989301
                    ]
                },
                "whiteBalanceColorGains": [
                    0.9377368990825371,
                    1.0,
                    1.3038848090201247
                ]
            },
            "whiteBalanceTemperature": 4820.0
        },
        "type": 1
    },
    "timestamp": 1000015380209917900
}