{
    "bufferMetadata": {
        "byteSize": 860160,
        "format": 13,
        "height": 640,
        "rowStride": 896,
        "type": 1,
        "width": 832
    },
    "channelIndex": 0,
    "extrinsics": {
        "value": [
            0.9999347426176487,
            -0.0003689257569202054,
            -0.011418160989535738,
            0.0,
            0.0003668739668502641,
            0.999999916178054,
            -0.00018178937826379693,
            0.0,
            0.011418227099227025,
            0.000177588489161995,
            0.9999347941504281,
            0.0,
            0.0,
            0.0,
            0.0,
            1.0
        ]
    },
    "intrinsics": {
        "distortionCoefficients": [
            5.2492451667785645,
            0.204847052693367,
            -0.09155680984258652,
            8.465497970581055,
            -3.7477821024367586e-05,
            -6.70523240842158e-06,
            4.362573146820068,
            -0.5641931295394897
        ],
        "focalLengthX": 0.8780673146247864,
        "focalLengthY": 0.8780673146247864,
        "model": 2,
        "principalPointX": 0.49480119347572327,
        "principalPointY": 0.4892016053199768
    },
    "streamFrame": {
        "channels": 3,
        "dataFlags": 7,
        "frameNumber": 43002,
        "hmdPose": {
            "value": [
                0.29226320863368715,
                0.12185648085512985,
                0.948542678957744,
                0.0,
                -0.12151489404997956,
                0.9885414510994931,
                -0.08955406168085045,
                0.0,
                -0.9485864990894362,
                -0.08908870586734718,
                0.3037216737447467,
                0.0,
                0.23586340248584747,
                0.5027291774749756,
                0.6634896993637085,
                1.0
            ]
        },
        "id": 1,
        "metadata": {
            "cameraCalibrationConstant": 0.7799999713897705,
            "ev": 7.06903076171875,
            "exposureTime": 0.009999999776482582,
            "timestamp": 1000015378387673900,
            "wbNormalizationData": {
                "ccm": {
                    "value": [
                        1.872739553451538,
                        -0.6513856649398804,
                        -0.22135388851165771,
                        -0.526350736618042,
                        1.846171259880066,
                        -0.31982022523880005,
                        -0.06292148679494858,
                        -0.6439913511276245,
                        1.7069149017333984
                    ]
                },
                "invCCM": {
                    "value": [
                        0.6411198288367674,
                        0.2352271617115074,
                        0.12365418459210718,
                        0.193152843795107,
                        0.6510263103952112,
                        0.15582289545300368,
                        0.09428614762734636,
                        0.2569038927760153,
                        0.6488252097989301
                    ]
                },
                "whiteBalanceColorGains": [
                    0.9475668684383685,
                    1.0,
                    1.2664456275618592
                ]
            },
            "whiteBalanceTemperature": 4939.0
        },
        "type": 1
    },
    "timestamp": 1000015378387673900
}