{
    "bufferMetadata": {
        "byteSize": 860160,
        "format": 13,
        "height": 640,
        "rowStride": 896,
        "type": 1,
        "width": 832
    },
    "channelIndex": 0,
    "extrinsics": {
        "value": [
            0.9999347426176487,
            -0.0003689257569202054,
            -0.011418160989535738,
            0.0,
            0.0003668739668502641,
            0.999999916178054,
            -0.00018178937826379693,
            0.0,
            0.011418227099227025,
            0.000177588489161995,
            0.9999347941504281,
            0.0,
            0.0,
            0.0,
            0.0,
            1.0
        ]
    },
    "intrinsics": {
        "distortionCoefficients": [
            5.2492451667785645,
            0.204847052693367,
            -0.09155680984258652,
            8.465497970581055,
            -3.7477821024367586e-05,
            -6.70523240842158e-06,
            4.362573146820068,
            -0.5641931295394897
        ],
        "focalLengthX": 0.8780673146247864,
        "focalLengthY": 0.8780673146247864,
        "model": 2,
        "principalPointX": 0.49480119347572327,
        "principalPointY": 0.4892016053199768
    },
    "streamFrame": {
        "channels": 3,
        "dataFlags": 7,
        "frameNumber": 43075,
        "hmdPose": {
            "value": [
                -0.8499116963998175,
                0.1958639722693893,
                0.48917009717629883,
                0.0,
                0.17405288401952054,
                0.980594569648932,
                -0.09022130146623841,
                0.0,
                -0.49734864347769275,
                0.008461326174449842,
                -0.8675094834057484,
                0.0,
                0.23586340248584747,
                0.5027291774749756,
                0.6634896993637085,
                1.0
            ]
        },
        "id": 1,
        "metadata": {
            "cameraCalibrationConstant": 0.7799999713897705,
            "ev": 7.103506565093994,
            "exposureTime": 0.009999999776482582,
            "timestamp": 1000015379198793800,
            "wbNormalizationData": {
                "ccm": {
                    "value": [
                        1.8429960012435913,
                        -0.6245737671852112,
                        -0.2184217870235443,
                        -0.5271458625793457,
                        1.8508166074752808,
                        -0.32367029786109924,
                        -0.06189855933189392,
                        -0.6463256478309631,
                        1.7082200050354004
                    ]
                },
                "invCCM": {
                    "value": [
                        0.6411198288367674,
                        0.2352271617115074,
                        0.12365418459210718,
                        0.193152843795107,
                        0.6510263103952112,
                        0.15582289545300368,
                        0.09428614762734636,
                        0.2569038927760153,
                        0.6488252097989301
                    ]
                },
                "whiteBalanceColorGains": [
                    0.9508989678824799,
                    1.0,
                    1.2536262824020474
                ]
            },
            "whiteBalanceTemperature": 4979.0
        },
        "type": 1
    },
    "timestamp": 1000015379198793800
}