{
    "bufferMetadata": {
        "byteSize": 860160,
        "format": 13,
        "height": 640,
        "rowStride": 896,
        "type": 1,
        "width": 832
    },
    "channelIndex": 0,
    "extrinsics": {
        "value": [
            0.9999347426176487,
            -0.0003689257569202054,
            -0.011418160989535738,
            0.0,
            0.0003668739668502641,
            0.999999916178054,
            -0.00018178937826379693,
            0.0,
            0.011418227099227025,
            0.000177588489161995,
            0.9999347941504281,
            0.0,
            0.0,
            0.0,
            0.0,
            1.0
        ]
    },
    "intrinsics": {
        "distortionCoefficients": [
            5.2492451667785645,
            0.204847052693367,
            -0.09155680984258652,
            8.465497970581055,
            -3.7477821024367586e-05,
            -6.70523240842158e-06,
            4.362573146820068,
            -0.5641931295394897
        ],
        "focalLengthX": 0.8780673146247864,
        "focalLengthY": 0.8780673146247864,
        "model": 2,
        "principalPointX": 0.49480119347572327,
        "principalPointY": 0.4892016053199768
    },
    "streamFrame": {
        "channels": 3,
        "dataFlags": 7,
        "frameNumber": 43010,
        "hmdPose": {
            "value": [
                0.44359240476922923,
                0.11063585994272697,
                0.8893736443924795,
                0.0,
                -0.11535269203156963,
                0.9911453813051159,
                -0.06576161091179299,
                0.0,
                -0.8887741722655408,
                -0.0734202936753695,
                0.4524267075374626,
                0.0,
                0.23586340248584747,
                0.5027291774749756,
                0.6634896993637085,
                1.0
            ]
        },
        "id": 1,
        "metadata": {
            "cameraCalibrationConstant": 0.7799999713897705,
            "ev": 7.100986957550049,
            "exposureTime": 0.009999999776482582,
            "timestamp": 1000015378476546200,
            "wbNormalizationData": {
                "ccm": {
                    "value": [
                        1.8787856101989746,
                        -0.6537396907806396,
                        -0.22504642605781555,
                        -0.5343101620674133,
                        1.8479034900665283,
                        -0.3135932981967926,
                        -0.06497589498758316,
                        -0.6437267065048218,
                        1.7087070941925049
                    ]
                },
                "invCCM": {
                    "value": [
                        0.6411198288367674,
                        0.2352271617115074,
                        0.12365418459210718,
                        0.193152843795107,
                        0.6510263103952112,
                        0.15582289545300368,
                        0.09428614762734636,
                        0.2569038927760153,
                        0.6488252097989301
                    ]
                },
                "whiteBalanceColorGains": [
                    0.9452312797435248,
                    1.0,
                    1.2829381904132515
                ]
            },
            "whiteBalanceTemperature": 4897.0
        },
        "type": 1
    },
    "timestamp": 1000015378476546200
}