{
    "bufferMetadata": {
        "byteSize": 860160,
        "format": 13,
        "height": 640,
        "rowStride": 896,
        "type": 1,
        "width": 832
    },
    "channelIndex": 0,
    "extrinsics": {
        "value": [
            0.9999347426176487,
            -0.0003689257569202054,
            -0.011418160989535738,
            0.0,
            0.0003668739668502641,
            0.999999916178054,
            -0.00018178937826379693,
            0.0,
            0.011418227099227025,
            0.000177588489161995,
            0.9999347941504281,
            0.0,
            0.0,
            0.0,
            0.0,
            1.0
        ]
    },
    "intrinsics": {
        "distortionCoefficients": [
            5.2492451667785645,
            0.204847052693367,
            -0.09155680984258652,
            8.465497970581055,
            -3.7477821024367586e-05,
            -6.70523240842158e-06,
            4.362573146820068,
            -0.5641931295394897
        ],
        "focalLengthX": 0.8780673146247864,
        "focalLengthY": 0.8780673146247864,
        "model": 2,
        "principalPointX": 0.49480119347572327,
        "principalPointY": 0.4892016053199768
    },
    "streamFrame": {
        "channels": 3,
        "dataFlags": 7,
        "frameNumber": 43040,
        "hmdPose": {
            "value": [
                0.16275722865631137,
                0.15936569900488395,
                0.9737107663354065,
                0.0,
                -0.0430427078785942,
                0.9870768620401817,
                -0.1543586527932765,
                0.0,
                -0.9857268423834658,
                -0.016788161732661927,
                0.16751342578592565,
                0.0,
                0.23586340248584747,
                0.5027291774749756,
                0.6634896993637085,
                1.0
            ]
        },
        "id": 1,
        "metadata": {
            "cameraCalibrationConstant": 0.7799999713897705,
            "ev": 7.282931327819824,
            "exposureTime": 0.009999999776482582,
            "timestamp": 1000015378809781300,
            "wbNormalizationData": {
                "ccm": {
                    "value": [
                        1.8781418800354004,
                        -0.6497710347175598,
                        -0.22837167978286743,
                        -0.540072500705719,
                        1.8497931957244873,
                        -0.30972054600715637,
                        -0.0666513592004776,
                        -0.6453441381454468,
                        1.7120009660720825
                    ]
                },
                "invCCM": {
                    "value": [
                        0.6411198288367674,
                        0.2352271617115074,
                        0.12365418459210718,
                        0.193152843795107,
                        0.6510263103952112,
                        0.15582289545300368,
                        0.09428614762734636,
                        0.2569038927760153,
                        0.6488252097989301
                    ]
                },
                "whiteBalanceColorGains": [
                    0.9422265843583193,
                    1.0,
                    1.2994545548603709
                ]
            },
            "whiteBalanceTemperature": 4851.0
        },
        "type": 1
    },
    "timestamp": 1000015378809781300
}