{
    "bufferMetadata": {
        "byteSize": 860160,
        "format": 13,
        "height": 640,
        "rowStride": 896,
        "type": 1,
        "width": 832
    },
    "channelIndex": 0,
    "extrinsics": {
        "value": [
            0.9999347426176487,
            -0.0003689257569202054,
            -0.011418160989535738,
            0.0,
            0.0003668739668502641,
            0.999999916178054,
            -0.00018178937826379693,
            0.0,
            0.011418227099227025,
            0.000177588489161995,
            0.9999347941504281,
            0.0,
            0.0,
            0.0,
            0.0,
            1.0
        ]
    },
    "intrinsics": {
        "distortionCoefficients": [
            5.2492451667785645,
            0.204847052693367,
            -0.09155680984258652,
            8.465497970581055,
            -3.7477821024367586e-05,
            -6.70523240842158e-06,
            4.362573146820068,
            -0.5641931295394897
        ],
        "focalLengthX": 0.8780673146247864,
        "focalLengthY": 0.8780673146247864,
        "model": 2,
        "principalPointX": 0.49480119347572327,
        "principalPointY": 0.4892016053199768
    },
    "streamFrame": {
        "channels": 3,
        "dataFlags": 7,
        "frameNumber": 43109,
        "hmdPose": {
            "value": [
                -0.45262444942316105,
                0.175937389059717,
                0.8741722678617705,
                0.0,
                0.04736557506138629,
                0.9837018075366896,
                -0.17345678502550815,
                0.0,
                -0.8904423738046419,
                -0.037105108854859126,
                -0.4535808646984747,
                0.0,
                0.23586340248584747,
                0.5027291774749756,
                0.6634896993637085,
                1.0
            ]
        },
        "id": 1,
        "metadata": {
            "cameraCalibrationConstant": 0.7799999713897705,
            "ev": 7.081512451171875,
            "exposureTime": 0.009999999776482582,
            "timestamp": 1000015379576574600,
            "wbNormalizationData": {
                "ccm": {
                    "value": [
                        1.8374733924865723,
                        -0.6190384030342102,
                        -0.21843455731868744,
                        -0.5282000303268433,
                        1.8519463539123535,
                        -0.3237456977367401,
                        -0.061979468911886215,
                        -0.6467851996421814,
                        1.708760142326355
                    ]
                },
                "invCCM": {
                    "value": [
                        0.6411198288367674,
                        0.2352271617115074,
                        0.12365418459210718,
                        0.193152843795107,
                        0.6510263103952112,
                        0.15582289545300368,
                        0.09428614762734636,
                        0.2569038927760153,
                        0.6488252097989301
                    ]
                },
                "whiteBalanceColorGains": [
                    0.950987153497371,
                    1.0,
                    1.2535131033856313
                ]
            },
            "whiteBalanceTemperature": 4980.0
        },
        "type": 1
    },
    "timestamp": 1000015379576574600
}