{
    "bufferMetadata": {
        "byteSize": 860160,
        "format": 13,
        "height": 640,
        "rowStride": 896,
        "type": 1,
        "width": 832
    },
    "channelIndex": 0,
    "extrinsics": {
        "value": [
            0.9999347426176487,
            -0.0003689257569202054,
            -0.011418160989535738,
            0.0,
            0.0003668739668502641,
            0.999999916178054,
            -0.00018178937826379693,
            0.0,
            0.011418227099227025,
            0.000177588489161995,
            0.9999347941504281,
            0.0,
            0.0,
            0.0,
            0.0,
            1.0
        ]
    },
    "intrinsics": {
        "distortionCoefficients": [
            5.2492451667785645,
            0.204847052693367,
            -0.09155680984258652,
            8.465497970581055,
            -3.7477821024367586e-05,
            -6.70523240842158e-06,
            4.362573146820068,
            -0.5641931295394897
        ],
        "focalLengthX": 0.8780673146247864,
        "focalLengthY": 0.8780673146247864,
        "model": 2,
        "principalPointX": 0.49480119347572327,
        "principalPointY": 0.4892016053199768
    },
    "streamFrame": {
        "channels": 3,
        "dataFlags": 7,
        "frameNumber": 43123,
        "hmdPose": {
            "value": [
                -0.008632559954168117,
                0.150560944592909,
                0.9885630365511653,
                0.0,
                -0.008158779023543977,
                0.9885563634446274,
                -0.15063117398705414,
                0.0,
                -0.9999294523099189,
                -0.009365800294912546,
                -0.0073053785759777945,
                0.0,
                0.23586340248584747,
                0.5027291774749756,
                0.6634896993637085,
                1.0
            ]
        },
        "id": 1,
        "metadata": {
            "cameraCalibrationConstant": 0.7799999713897705,
            "ev": 7.047112464904785,
            "exposureTime": 0.009999999776482582,
            "timestamp": 1000015379732136300,
            "wbNormalizationData": {
                "ccm": {
                    "value": [
                        1.8373095989227295,
                        -0.6171597838401794,
                        -0.22014987468719482,
                        -0.528858482837677,
                        1.851863145828247,
                        -0.32300418615341187,
                        -0.06254240870475769,
                        -0.6449271440505981,
                        1.707466959953308
                    ]
                },
                "invCCM": {
                    "value": [
                        0.6411198288367674,
                        0.2352271617115074,
                        0.12365418459210718,
                        0.193152843795107,
                        0.6510263103952112,
                        0.15582289545300368,
                        0.09428614762734636,
                        0.2569038927760153,
                        0.6488252097989301
                    ]
                },
                "whiteBalanceColorGains": [
                    0.9469677249960197,
                    1.0,
                    1.2500436564982849
                ]
            },
            "whiteBalanceTemperature": 4965.0
        },
        "type": 1
    },
    "timestamp": 1000015379732136300
}