{
    "bufferMetadata": {
        "byteSize": 860160,
        "format": 13,
        "height": 640,
        "rowStride": 896,
        "type": 1,
        "width": 832
    },
    "channelIndex": 0,
    "extrinsics": {
        "value": [
            0.9999347426176487,
            -0.0003689257569202054,
            -0.011418160989535738,
            0.0,
            0.0003668739668502641,
            0.999999916178054,
            -0.00018178937826379693,
            0.0,
            0.011418227099227025,
            0.000177588489161995,
            0.9999347941504281,
            0.0,
            0.0,
            0.0,
            0.0,
            1.0
        ]
    },
    "intrinsics": {
        "distortionCoefficients": [
            5.2492451667785645,
            0.204847052693367,
            -0.09155680984258652,
            8.465497970581055,
            -3.7477821024367586e-05,
            -6.70523240842158e-06,
            4.362573146820068,
            -0.5641931295394897
        ],
        "focalLengthX": 0.8780673146247864,
        "focalLengthY": 0.8780673146247864,
        "model": 2,
        "principalPointX": 0.49480119347572327,
        "principalPointY": 0.4892016053199768
    },
    "streamFrame": {
        "channels": 3,
        "dataFlags": 7,
        "frameNumber": 43147,
        "hmdPose": {
            "value": [
                0.5150094229180857,
                0.11323964451842347,
                0.8496717452666218,
                0.0,
                0.016452257013249788,
                0.9897470918054689,
                -0.14188029267207541,
                0.0,
                -0.8570266127923076,
                0.08704870544060311,
                0.5078660308579299,
                0.0,
                0.23586340248584747,
                0.5027291774749756,
                0.6634896993637085,
                1.0
            ]
        },
        "id": 1,
        "metadata": {
            "cameraCalibrationConstant": 0.7799999713897705,
            "ev": 7.084982395172119,
            "exposureTime": 0.009999999776482582,
            "timestamp": 1000015379998805100,
            "wbNormalizationData": {
                "ccm": {
                    "value": [
                        1.8518072366714478,
                        -0.6197786927223206,
                        -0.23202942311763763,
                        -0.5471416711807251,
                        1.8553446531295776,
                        -0.3082030415534973,
                        -0.06833566725254059,
                        -0.6460274457931519,
                        1.714367389678955
                    ]
                },
                "invCCM": {
                    "value": [
                        0.6411198288367674,
                        0.2352271617115074,
                        0.12365418459210718,
                        0.193152843795107,
                        0.6510263103952112,
                        0.15582289545300368,
                        0.09428614762734636,
                        0.2569038927760153,
                        0.6488252097989301
                    ]
                },
                "whiteBalanceColorGains": [
                    0.9393471843716469,
                    1.0,
                    1.296606256759471
                ]
            },
            "whiteBalanceTemperature": 4842.0
        },
        "type": 1
    },
    "timestamp": 1000015379998805100
}