{
    "bufferMetadata": {
        "byteSize": 860160,
        "format": 13,
        "height": 640,
        "rowStride": 896,
        "type": 1,
        "width": 832
    },
    "channelIndex": 0,
    "extrinsics": {
        "value": [
            0.9999347426176487,
            -0.0003689257569202054,
            -0.011418160989535738,
            0.0,
            0.0003668739668502641,
            0.999999916178054,
            -0.00018178937826379693,
            0.0,
            0.011418227099227025,
            0.000177588489161995,
            0.9999347941504281,
            0.0,
            0.0,
            0.0,
            0.0,
            1.0
        ]
    },
    "intrinsics": {
        "distortionCoefficients": [
            5.2492451667785645,
            0.204847052693367,
            -0.09155680984258652,
            8.465497970581055,
            -3.7477821024367586e-05,
            -6.70523240842158e-06,
            4.362573146820068,
            -0.5641931295394897
        ],
        "focalLengthX": 0.8780673146247864,
        "focalLengthY": 0.8780673146247864,
        "model": 2,
        "principalPointX": 0.49480119347572327,
        "principalPointY": 0.4892016053199768
    },
    "streamFrame": {
        "channels": 3,
        "dataFlags": 7,
        "frameNumber": 43032,
        "hmdPose": {
            "value": [
                0.3768384834326467,
                0.13267885009447078,
                0.9167273656417905,
                0.0,
                -0.05436517437299748,
                0.991150172934941,
                -0.12110228016765653,
                0.0,
                -0.9246821983764593,
                -0.004202045218812796,
                0.38071663701971503,
                0.0,
                0.23586340248584747,
                0.5027291774749756,
                0.6634896993637085,
                1.0
            ]
        },
        "id": 1,
        "metadata": {
            "cameraCalibrationConstant": 0.7799999713897705,
            "ev": 7.223140239715576,
            "exposureTime": 0.009999999776482582,
            "timestamp": 1000015378719880800,
            "wbNormalizationData": {
                "ccm": {
                    "value": [
                        1.852073073387146,
                        -0.6208698749542236,
                        -0.2312041074037552,
                        -0.5491781830787659,
                        1.856069564819336,
                        -0.30689141154289246,
                        -0.0682605504989624,
                        -0.643204927444458,
                        1.7114702463150024
                    ]
                },
                "invCCM": {
                    "value": [
                        0.6411198288367674,
                        0.2352271617115074,
                        0.12365418459210718,
                        0.193152843795107,
                        0.6510263103952112,
                        0.15582289545300368,
                        0.09428614762734636,
                        0.2569038927760153,
                        0.6488252097989301
                    ]
                },
                "whiteBalanceColorGains": [
                    0.9399575006520814,
                    1.0,
                    1.3018062982422522
                ]
            },
            "whiteBalanceTemperature": 4835.0
        },
        "type": 1
    },
    "timestamp": 1000015378719880800
}