{
    "bufferMetadata": {
        "byteSize": 860160,
        "format": 13,
        "height": 640,
        "rowStride": 896,
        "type": 1,
        "width": 832
    },
    "channelIndex": 0,
    "extrinsics": {
        "value": [
            0.9999347426176487,
            -0.0003689257569202054,
            -0.011418160989535738,
            0.0,
            0.0003668739668502641,
            0.999999916178054,
            -0.00018178937826379693,
            0.0,
            0.011418227099227025,
            0.000177588489161995,
            0.9999347941504281,
            0.0,
            0.0,
            0.0,
            0.0,
            1.0
        ]
    },
    "intrinsics": {
        "distortionCoefficients": [
            5.2492451667785645,
            0.204847052693367,
            -0.09155680984258652,
            8.465497970581055,
            -3.7477821024367586e-05,
            -6.70523240842158e-06,
            4.362573146820068,
            -0.5641931295394897
        ],
        "focalLengthX": 0.8780673146247864,
        "focalLengthY": 0.8780673146247864,
        "model": 2,
        "principalPointX": 0.49480119347572327,
        "principalPointY": 0.4892016053199768
    },
    "streamFrame": {
        "channels": 3,
        "dataFlags": 7,
        "frameNumber": 43062,
        "hmdPose": {
            "value": [
                -0.5921253705970568,
                0.19878475602614348,
                0.7809431133129988,
                0.0,
                0.10984569553387696,
                0.9799621409182189,
                -0.16615692970049561,
                0.0,
                -0.7983241500994765,
                -0.01260249524670655,
                -0.6020960955861652,
                0.0,
                0.23586340248584747,
                0.5027291774749756,
                0.6634896993637085,
                1.0
            ]
        },
        "id": 1,
        "metadata": {
            "cameraCalibrationConstant": 0.7799999713897705,
            "ev": 7.171937942504883,
            "exposureTime": 0.009999999776482582,
            "timestamp": 1000015379054333700,
            "wbNormalizationData": {
                "ccm": {
                    "value": [
                        1.8614140748977661,
                        -0.6424090266227722,
                        -0.21900470554828644,
                        -0.5240208506584167,
                        1.8471369743347168,
                        -0.32311558723449707,
                        -0.06187329813838005,
                        -0.6453733444213867,
                        1.7072455883026123
                    ]
                },
                "invCCM": {
                    "value": [
                        0.6411198288367674,
                        0.2352271617115074,
                        0.12365418459210718,
                        0.193152843795107,
                        0.6510263103952112,
                        0.15582289545300368,
                        0.09428614762734636,
                        0.2569038927760153,
                        0.6488252097989301
                    ]
                },
                "whiteBalanceColorGains": [
                    0.952226340950061,
                    1.0,
                    1.2564455571285658
                ]
            },
            "whiteBalanceTemperature": 4981.0
        },
        "type": 1
    },
    "timestamp": 1000015379054333700
}