{
    "bufferMetadata": {
        "byteSize": 860160,
        "format": 13,
        "height": 640,
        "rowStride": 896,
        "type": 1,
        "width": 832
    },
    "channelIndex": 0,
    "extrinsics": {
        "value": [
            0.9999347426176487,
            -0.0003689257569202054,
            -0.011418160989535738,
            0.0,
            0.0003668739668502641,
            0.999999916178054,
            -0.00018178937826379693,
            0.0,
            0.011418227099227025,
            0.000177588489161995,
            0.9999347941504281,
            0.0,
            0.0,
            0.0,
            0.0,
            1.0
        ]
    },
    "intrinsics": {
        "distortionCoefficients": [
            5.2492451667785645,
            0.204847052693367,
            -0.09155680984258652,
            8.465497970581055,
            -3.7477821024367586e-05,
            -6.70523240842158e-06,
            4.362573146820068,
            -0.5641931295394897
        ],
        "focalLengthX": 0.8780673146247864,
        "focalLengthY": 0.8780673146247864,
        "model": 2,
        "principalPointX": 0.49480119347572327,
        "principalPointY": 0.4892016053199768
    },
    "streamFrame": {
        "channels": 3,
        "dataFlags": 7,
        "frameNumber": 43004,
        "hmdPose": {
            "value": [
                0.33665518008935646,
                0.12114262484522592,
                0.9338028402756449,
                0.0,
                -0.1269555846550869,
                0.9884744750994988,
                -0.08246509221393804,
                0.0,
                -0.9330303101111654,
                -0.09078918633062581,
                0.3481547853598448,
                0.0,
                0.23586340248584747,
                0.5027291774749756,
                0.6634896993637085,
                1.0
            ]
        },
        "id": 1,
        "metadata": {
            "cameraCalibrationConstant": 0.7799999713897705,
            "ev": 7.075561046600342,
            "exposureTime": 0.009999999776482582,
            "timestamp": 1000015378409893800,
            "wbNormalizationData": {
                "ccm": {
                    "value": [
                        1.8761179447174072,
                        -0.6539208889007568,
                        -0.22219710052013397,
                        -0.528160572052002,
                        1.846317172050476,
                        -0.318156361579895,
                        -0.06340910494327545,
                        -0.6440551280975342,
                        1.707466959953308
                    ]
                },
                "invCCM": {
                    "value": [
                        0.6411198288367674,
                        0.2352271617115074,
                        0.12365418459210718,
                        0.193152843795107,
                        0.6510263103952112,
                        0.15582289545300368,
                        0.09428614762734636,
                        0.2569038927760153,
                        0.6488252097989301
                    ]
                },
                "whiteBalanceColorGains": [
                    0.9467418075497261,
                    1.0,
                    1.2711414638127096
                ]
            },
            "whiteBalanceTemperature": 4926.0
        },
        "type": 1
    },
    "timestamp": 1000015378409893800
}