{
    "bufferMetadata": {
        "byteSize": 860160,
        "format": 13,
        "height": 640,
        "rowStride": 896,
        "type": 1,
        "width": 832
    },
    "channelIndex": 0,
    "extrinsics": {
        "value": [
            0.9999347426176487,
            -0.0003689257569202054,
            -0.011418160989535738,
            0.0,
            0.0003668739668502641,
            0.999999916178054,
            -0.00018178937826379693,
            0.0,
            0.011418227099227025,
            0.000177588489161995,
            0.9999347941504281,
            0.0,
            0.0,
            0.0,
            0.0,
            1.0
        ]
    },
    "intrinsics": {
        "distortionCoefficients": [
            5.2492451667785645,
            0.204847052693367,
            -0.09155680984258652,
            8.465497970581055,
            -3.7477821024367586e-05,
            -6.70523240842158e-06,
            4.362573146820068,
            -0.5641931295394897
        ],
        "focalLengthX": 0.8780673146247864,
        "focalLengthY": 0.8780673146247864,
        "model": 2,
        "principalPointX": 0.49480119347572327,
        "principalPointY": 0.4892016053199768
    },
    "streamFrame": {
        "channels": 3,
        "dataFlags": 7,
        "frameNumber": 43146,
        "hmdPose": {
            "value": [
                0.5128975510326821,
                0.11592596276942288,
                0.8505864228955756,
                0.0,
                0.016207701259289144,
                0.989355706692942,
                -0.14461187995751887,
                0.0,
                -0.8582968030222403,
                0.08795712910810918,
                0.5055592257258418,
                0.0,
                0.23586340248584747,
                0.5027291774749756,
                0.6634896993637085,
                1.0
            ]
        },
        "id": 1,
        "metadata": {
            "cameraCalibrationConstant": 0.7799999713897705,
            "ev": 7.081954479217529,
            "exposureTime": 0.009999999776482582,
            "timestamp": 1000015379987693900,
            "wbNormalizationData": {
                "ccm": {
                    "value": [
                        1.853990912437439,
                        -0.62270587682724,
                        -0.23128587007522583,
                        -0.5458484292030334,
                        1.8546714782714844,
                        -0.30882304906845093,
                        -0.06798123568296432,
                        -0.6458491086959839,
                        1.713834524154663
                    ]
                },
                "invCCM": {
                    "value": [
                        0.6411198288367674,
                        0.2352271617115074,
                        0.12365418459210718,
                        0.193152843795107,
                        0.6510263103952112,
                        0.15582289545300368,
                        0.09428614762734636,
                        0.2569038927760153,
                        0.6488252097989301
                    ]
                },
                "whiteBalanceColorGains": [
                    0.9399047621961171,
                    1.0,
                    1.2951348081093494
                ]
            },
            "whiteBalanceTemperature": 4847.0
        },
        "type": 1
    },
    "timestamp": 1000015379987693900
}