{
    "bufferMetadata": {
        "byteSize": 860160,
        "format": 13,
        "height": 640,
        "rowStride": 896,
        "type": 1,
        "width": 832
    },
    "channelIndex": 0,
    "extrinsics": {
        "value": [
            0.9999347426176487,
            -0.0003689257569202054,
            -0.011418160989535738,
            0.0,
            0.0003668739668502641,
            0.999999916178054,
            -0.00018178937826379693,
            0.0,
            0.011418227099227025,
            0.000177588489161995,
            0.9999347941504281,
            0.0,
            0.0,
            0.0,
            0.0,
            1.0
        ]
    },
    "intrinsics": {
        "distortionCoefficients": [
            5.2492451667785645,
            0.204847052693367,
            -0.09155680984258652,
            8.465497970581055,
            -3.7477821024367586e-05,
            -6.70523240842158e-06,
            4.362573146820068,
            -0.5641931295394897
        ],
        "focalLengthX": 0.8780673146247864,
        "focalLengthY": 0.8780673146247864,
        "model": 2,
        "principalPointX": 0.49480119347572327,
        "principalPointY": 0.4892016053199768
    },
    "streamFrame": {
        "channels": 3,
        "dataFlags": 7,
        "frameNumber": 43061,
        "hmdPose": {
            "value": [
                -0.5626047320177656,
                0.1978464717636377,
                0.8027033649971433,
                0.0,
                0.10122267951867284,
                0.9801221065123362,
                -0.17063008385321154,
                0.0,
                -0.820505873055225,
                -0.014745506955478063,
                -0.5714478850950817,
                0.0,
                0.23586340248584747,
                0.5027291774749756,
                0.6634896993637085,
                1.0
            ]
        },
        "id": 1,
        "metadata": {
            "cameraCalibrationConstant": 0.7799999713897705,
            "ev": 7.1803765296936035,
            "exposureTime": 0.009999999776482582,
            "timestamp": 1000015379043222900,
            "wbNormalizationData": {
                "ccm": {
                    "value": [
                        1.8640223741531372,
                        -0.6447122097015381,
                        -0.21930977702140808,
                        -0.5240441560745239,
                        1.8467662334442139,
                        -0.32272160053253174,
                        -0.061990562826395035,
                        -0.6453181505203247,
                        1.7073081731796265
                    ]
                },
                "invCCM": {
                    "value": [
                        0.6411198288367674,
                        0.2352271617115074,
                        0.12365418459210718,
                        0.193152843795107,
                        0.6510263103952112,
                        0.15582289545300368,
                        0.09428614762734636,
                        0.2569038927760153,
                        0.6488252097989301
                    ]
                },
                "whiteBalanceColorGains": [
                    0.9517268219806436,
                    1.0,
                    1.2577047344045509
                ]
            },
            "whiteBalanceTemperature": 4976.0
        },
        "type": 1
    },
    "timestamp": 1000015379043222900
}