{
    "bufferMetadata": {
        "byteSize": 860160,
        "format": 13,
        "height": 640,
        "rowStride": 896,
        "type": 1,
        "width": 832
    },
    "channelIndex": 0,
    "extrinsics": {
        "value": [
            0.9999347426176487,
            -0.0003689257569202054,
            -0.011418160989535738,
            0.0,
            0.0003668739668502641,
            0.999999916178054,
            -0.00018178937826379693,
            0.0,
            0.011418227099227025,
            0.000177588489161995,
            0.9999347941504281,
            0.0,
            0.0,
            0.0,
            0.0,
            1.0
        ]
    },
    "intrinsics": {
        "distortionCoefficients": [
            5.2492451667785645,
            0.204847052693367,
            -0.09155680984258652,
            8.465497970581055,
            -3.7477821024367586e-05,
            -6.70523240842158e-06,
            4.362573146820068,
            -0.5641931295394897
        ],
        "focalLengthX": 0.8780673146247864,
        "focalLengthY": 0.8780673146247864,
        "model": 2,
        "principalPointX": 0.49480119347572327,
        "principalPointY": 0.4892016053199768
    },
    "streamFrame": {
        "channels": 3,
        "dataFlags": 7,
        "frameNumber": 43168,
        "hmdPose": {
            "value": [
                0.15512260612640238,
                0.11605293229290756,
                0.9810548961231171,
                0.0,
                -0.016152634098441275,
                0.9932410501852277,
                -0.11494045745726622,
                0.0,
                -0.9877631723812161,
                0.0019832435608287888,
                0.1559487006994601,
                0.0,
                0.23586340248584747,
                0.5027291774749756,
                0.6634896993637085,
                1.0
            ]
        },
        "id": 1,
        "metadata": {
            "cameraCalibrationConstant": 0.7799999713897705,
            "ev": 7.237357139587402,
            "exposureTime": 0.009999999776482582,
            "timestamp": 1000015380232139600,
            "wbNormalizationData": {
                "ccm": {
                    "value": [
                        1.851595401763916,
                        -0.6191441416740417,
                        -0.23245204985141754,
                        -0.5492344498634338,
                        1.8560630083084106,
                        -0.3068287968635559,
                        -0.06867694109678268,
                        -0.6450603604316711,
                        1.7137426137924194
                    ]
                },
                "invCCM": {
                    "value": [
                        0.6411198288367674,
                        0.2352271617115074,
                        0.12365418459210718,
                        0.193152843795107,
                        0.6510263103952112,
                        0.15582289545300368,
                        0.09428614762734636,
                        0.2569038927760153,
                        0.6488252097989301
                    ]
                },
                "whiteBalanceColorGains": [
                    0.9379723932471898,
                    1.0,
                    1.301621835875368
                ]
            },
            "whiteBalanceTemperature": 4825.0
        },
        "type": 1
    },
    "timestamp": 1000015380232139600
}