{
    "bufferMetadata": {
        "byteSize": 860160,
        "format": 13,
        "height": 640,
        "rowStride": 896,
        "type": 1,
        "width": 832
    },
    "channelIndex": 0,
    "extrinsics": {
        "value": [
            0.9999347426176487,
            -0.0003689257569202054,
            -0.011418160989535738,
            0.0,
            0.0003668739668502641,
            0.999999916178054,
            -0.00018178937826379693,
            0.0,
            0.011418227099227025,
            0.000177588489161995,
            0.9999347941504281,
            0.0,
            0.0,
            0.0,
            0.0,
            1.0
        ]
    },
    "intrinsics": {
        "distortionCoefficients": [
            5.2492451667785645,
            0.204847052693367,
            -0.09155680984258652,
            8.465497970581055,
            -3.7477821024367586e-05,
            -6.70523240842158e-06,
            4.362573146820068,
            -0.5641931295394897
        ],
        "focalLengthX": 0.8780673146247864,
        "focalLengthY": 0.8780673146247864,
        "model": 2,
        "principalPointX": 0.49480119347572327,
        "principalPointY": 0.4892016053199768
    },
    "streamFrame": {
        "channels": 3,
        "dataFlags": 7,
        "frameNumber": 43093,
        "hmdPose": {
            "value": [
                -0.8068067957125966,
                0.16696196359920615,
                0.566733172716837,
                0.0,
                0.13149939912032968,
                0.9859242380523626,
                -0.10325359455817394,
                0.0,
                -0.5759953944065761,
                -0.008780630346899701,
                -0.8174057731999151,
                0.0,
                0.23586340248584747,
                0.5027291774749756,
                0.6634896993637085,
                1.0
            ]
        },
        "id": 1,
        "metadata": {
            "cameraCalibrationConstant": 0.7799999713897705,
            "ev": 7.0658416748046875,
            "exposureTime": 0.009999999776482582,
            "timestamp": 1000015379398795400,
            "wbNormalizationData": {
                "ccm": {
                    "value": [
                        1.8617805242538452,
                        -0.6418830156326294,
                        -0.2198975831270218,
                        -0.5271175503730774,
                        1.8482892513275146,
                        -0.32117146253585815,
                        -0.06253699213266373,
                        -0.6479753851890564,
                        1.710510492324829
                    ]
                },
                "invCCM": {
                    "value": [
                        0.6411198288367674,
                        0.2352271617115074,
                        0.12365418459210718,
                        0.193152843795107,
                        0.6510263103952112,
                        0.15582289545300368,
                        0.09428614762734636,
                        0.2569038927760153,
                        0.6488252097989301
                    ]
                },
                "whiteBalanceColorGains": [
                    0.9508643187834163,
                    1.0,
                    1.2691420083349303
                ]
            },
            "whiteBalanceTemperature": 4951.0
        },
        "type": 1
    },
    "timestamp": 1000015379398795400
}