{
    "bufferMetadata": {
        "byteSize": 860160,
        "format": 13,
        "height": 640,
        "rowStride": 896,
        "type": 1,
        "width": 832
    },
    "channelIndex": 0,
    "extrinsics": {
        "value": [
            0.9999347426176487,
            -0.0003689257569202054,
            -0.011418160989535738,
            0.0,
            0.0003668739668502641,
            0.999999916178054,
            -0.00018178937826379693,
            0.0,
            0.011418227099227025,
            0.000177588489161995,
            0.9999347941504281,
            0.0,
            0.0,
            0.0,
            0.0,
            1.0
        ]
    },
    "intrinsics": {
        "distortionCoefficients": [
            5.2492451667785645,
            0.204847052693367,
            -0.09155680984258652,
            8.465497970581055,
            -3.7477821024367586e-05,
            -6.70523240842158e-06,
            4.362573146820068,
            -0.5641931295394897
        ],
        "focalLengthX": 0.8780673146247864,
        "focalLengthY": 0.8780673146247864,
        "model": 2,
        "principalPointX": 0.49480119347572327,
        "principalPointY": 0.4892016053199768
    },
    "streamFrame": {
        "channels": 3,
        "dataFlags": 7,
        "frameNumber": 42999,
        "hmdPose": {
            "value": [
                0.21356500969516834,
                0.12288124565040397,
                0.9691698449824537,
                0.0,
                -0.11164577599609564,
                0.9886280475967585,
                -0.10074623685690538,
                0.0,
                -0.9705283147122179,
                -0.08668784808727877,
                0.224855530562467,
                0.0,
                0.23586340248584747,
                0.5027291774749756,
                0.6634896993637085,
                1.0
            ]
        },
        "id": 1,
        "metadata": {
            "cameraCalibrationConstant": 0.7799999713897705,
            "ev": 7.061123847961426,
            "exposureTime": 0.009999999776482582,
            "timestamp": 1000015378354342200,
            "wbNormalizationData": {
                "ccm": {
                    "value": [
                        1.8642979860305786,
                        -0.6443184614181519,
                        -0.2199794203042984,
                        -0.5246213674545288,
                        1.8467546701431274,
                        -0.32213300466537476,
                        -0.062229007482528687,
                        -0.6434826850891113,
                        1.7057123184204102
                    ]
                },
                "invCCM": {
                    "value": [
                        0.6411198288367674,
                        0.2352271617115074,
                        0.12365418459210718,
                        0.193152843795107,
                        0.6510263103952112,
                        0.15582289545300368,
                        0.09428614762734636,
                        0.2569038927760153,
                        0.6488252097989301
                    ]
                },
                "whiteBalanceColorGains": [
                    0.948630216701185,
                    1.0,
                    1.2590106648149997
                ]
            },
            "whiteBalanceTemperature": 4958.0
        },
        "type": 1
    },
    "timestamp": 1000015378354342200
}