{
    "bufferMetadata": {
        "byteSize": 860160,
        "format": 13,
        "height": 640,
        "rowStride": 896,
        "type": 1,
        "width": 832
    },
    "channelIndex": 0,
    "extrinsics": {
        "value": [
            0.9999347426176487,
            -0.0003689257569202054,
            -0.011418160989535738,
            0.0,
            0.0003668739668502641,
            0.999999916178054,
            -0.00018178937826379693,
            0.0,
            0.011418227099227025,
            0.000177588489161995,
            0.9999347941504281,
            0.0,
            0.0,
            0.0,
            0.0,
            1.0
        ]
    },
    "intrinsics": {
        "distortionCoefficients": [
            5.2492451667785645,
            0.204847052693367,
            -0.09155680984258652,
            8.465497970581055,
            -3.7477821024367586e-05,
            -6.70523240842158e-06,
            4.362573146820068,
            -0.5641931295394897
        ],
        "focalLengthX": 0.8780673146247864,
        "focalLengthY": 0.8780673146247864,
        "model": 2,
        "principalPointX": 0.49480119347572327,
        "principalPointY": 0.4892016053199768
    },
    "streamFrame": {
        "channels": 3,
        "dataFlags": 7,
        "frameNumber": 43027,
        "hmdPose": {
            "value": [
                0.4593511624862906,
                0.1171771283277068,
                0.880491923859878,
                0.0,
                -0.05752509133734371,
                0.9931040405201785,
                -0.10215296638800944,
                0.0,
                -0.88639007849379,
                -0.003726294689319974,
                0.46292412051316434,
                0.0,
                0.23586340248584747,
                0.5027291774749756,
                0.6634896993637085,
                1.0
            ]
        },
        "id": 1,
        "metadata": {
            "cameraCalibrationConstant": 0.7799999713897705,
            "ev": 7.185042381286621,
            "exposureTime": 0.009999999776482582,
            "timestamp": 1000015378665784900,
            "wbNormalizationData": {
                "ccm": {
                    "value": [
                        1.8546409606933594,
                        -0.6227536201477051,
                        -0.23188826441764832,
                        -0.549621045589447,
                        1.8558335304260254,
                        -0.306212455034256,
                        -0.06854784488677979,
                        -0.6436135768890381,
                        1.7121665477752686
                    ]
                },
                "invCCM": {
                    "value": [
                        0.6411198288367674,
                        0.2352271617115074,
                        0.12365418459210718,
                        0.193152843795107,
                        0.6510263103952112,
                        0.15582289545300368,
                        0.09428614762734636,
                        0.2569038927760153,
                        0.6488252097989301
                    ]
                },
                "whiteBalanceColorGains": [
                    0.9396078174219926,
                    1.0,
                    1.3029376026595612
                ]
            },
            "whiteBalanceTemperature": 4832.0
        },
        "type": 1
    },
    "timestamp": 1000015378665784900
}