{
    "bufferMetadata": {
        "byteSize": 860160,
        "format": 13,
        "height": 640,
        "rowStride": 896,
        "type": 1,
        "width": 832
    },
    "channelIndex": 1,
    "extrinsics": {
        "value": [
            0.9998998617160034,
            -0.0026089362980596846,
            -0.013908989655296808,
            0.0,
            0.002611153973845381,
            0.9999965809510417,
            0.00014128412300121014,
            0.0,
            0.01390857349850654,
            -0.0001775884883864227,
            0.9999032553437533,
            0.0,
            -0.06327340006828308,
            0.00016509280249010772,
            0.0008801572257652879,
            1.0
        ]
    },
    "intrinsics": {
        "distortionCoefficients": [
            5.206622123718262,
            0.24839013814926147,
            -0.08764989674091339,
            8.368406295776367,
            -5.273936767480336e-05,
            -1.0025482879427727e-05,
            4.387904644012451,
            -0.525412380695343
        ],
        "focalLengthX": 0.8751659989356995,
        "focalLengthY": 0.8751659989356995,
        "model": 2,
        "principalPointX": 0.5025827884674072,
        "principalPointY": 0.4874187111854553
    },
    "streamFrame": {
        "channels": 3,
        "dataFlags": 7,
        "frameNumber": 43163,
        "hmdPose": {
            "value": [
                0.30660707991488745,
                0.10030356099800729,
                0.946536475464149,
                0.0,
                -0.002520809378758454,
                0.9945142118659511,
                -0.10457116217083184,
                0.0,
                -0.9518328368222282,
                0.029676220931942783,
                0.30517794457618874,
                0.0,
                0.23586340248584747,
                0.5027291774749756,
                0.6634896993637085,
                1.0
            ]
        },
        "id": 1,
        "metadata": {
            "cameraCalibrationConstant": 0.7799999713897705,
            "ev": 7.197153091430664,
            "exposureTime": 0.009999999776482582,
            "timestamp": 1000015380176584300,
            "wbNormalizationData": {
                "ccm": {
                    "value": [
                        1.844705581665039,
                        -0.6102998852729797,
                        -0.23440669476985931,
                        -0.5532644987106323,
                        1.8582080602645874,
                        -0.30494365096092224,
                        -0.06966383755207062,
                        -0.6452734470367432,
                        1.7149425745010376
                    ]
                },
                "invCCM": {
                    "value": [
                        0.6411198288367674,
                        0.2352271617115074,
                        0.12365418459210718,
                        0.193152843795107,
                        0.6510263103952112,
                        0.15582289545300368,
                        0.09428614762734636,
                        0.2569038927760153,
                        0.6488252097989301
                    ]
                },
                "whiteBalanceColorGains": [
                    0.9373564240427239,
                    1.0,
                    1.3064017063315403
                ]
            },
            "whiteBalanceTemperature": 4814.0
        },
        "type": 1
    },
    "timestamp": 1000015380176584300
}