{
    "bufferMetadata": {
        "byteSize": 860160,
        "format": 13,
        "height": 640,
        "rowStride": 896,
        "type": 1,
        "width": 832
    },
    "channelIndex": 1,
    "extrinsics": {
        "value": [
            0.9998998617160034,
            -0.0026089362980596846,
            -0.013908989655296808,
            0.0,
            0.002611153973845381,
            0.9999965809510417,
            0.00014128412300121014,
            0.0,
            0.01390857349850654,
            -0.0001775884883864227,
            0.9999032553437533,
            0.0,
            -0.06327340006828308,
            0.00016509280249010772,
            0.0008801572257652879,
            1.0
        ]
    },
    "intrinsics": {
        "distortionCoefficients": [
            5.206622123718262,
            0.24839013814926147,
            -0.08764989674091339,
            8.368406295776367,
            -5.273936767480336e-05,
            -1.0025482879427727e-05,
            4.387904644012451,
            -0.525412380695343
        ],
        "focalLengthX": 0.8751659989356995,
        "focalLengthY": 0.8751659989356995,
        "model": 2,
        "principalPointX": 0.5025827884674072,
        "principalPointY": 0.4874187111854553
    },
    "streamFrame": {
        "channels": 3,
        "dataFlags": 7,
        "frameNumber": 43126,
        "hmdPose": {
            "value": [
                0.08768431345949756,
                0.15166318737896647,
                0.9845352886374057,
                0.0,
                -0.009365033870613909,
                0.9884239034366932,
                -0.15142814534407284,
                0.0,
                -0.9961042882745208,
                0.004057666299229587,
                0.0880896022940778,
                0.0,
                0.23586340248584747,
                0.5027291774749756,
                0.6634896993637085,
                1.0
            ]
        },
        "id": 1,
        "metadata": {
            "cameraCalibrationConstant": 0.7799999713897705,
            "ev": 7.0409064292907715,
            "exposureTime": 0.009999999776482582,
            "timestamp": 1000015379765469900,
            "wbNormalizationData": {
                "ccm": {
                    "value": [
                        1.844214916229248,
                        -0.6235657930374146,
                        -0.22064906358718872,
                        -0.5285874009132385,
                        1.8508291244506836,
                        -0.3222411870956421,
                        -0.06273145228624344,
                        -0.6453268527984619,
                        1.7080566883087158
                    ]
                },
                "invCCM": {
                    "value": [
                        0.6411198288367674,
                        0.2352271617115074,
                        0.12365418459210718,
                        0.193152843795107,
                        0.6510263103952112,
                        0.15582289545300368,
                        0.09428614762734636,
                        0.2569038927760153,
                        0.6488252097989301
                    ]
                },
                "whiteBalanceColorGains": [
                    0.9466944559978389,
                    1.0,
                    1.2543691107748123
                ]
            },
            "whiteBalanceTemperature": 4956.0
        },
        "type": 1
    },
    "timestamp": 1000015379765469900
}