{
    "bufferMetadata": {
        "byteSize": 860160,
        "format": 13,
        "height": 640,
        "rowStride": 896,
        "type": 1,
        "width": 832
    },
    "channelIndex": 1,
    "extrinsics": {
        "value": [
            0.9998998617160034,
            -0.0026089362980596846,
            -0.013908989655296808,
            0.0,
            0.002611153973845381,
            0.9999965809510417,
            0.00014128412300121014,
            0.0,
            0.01390857349850654,
            -0.0001775884883864227,
            0.9999032553437533,
            0.0,
            -0.06327340006828308,
            0.00016509280249010772,
            0.0008801572257652879,
            1.0
        ]
    },
    "intrinsics": {
        "distortionCoefficients": [
            5.206622123718262,
            0.24839013814926147,
            -0.08764989674091339,
            8.368406295776367,
            -5.273936767480336e-05,
            -1.0025482879427727e-05,
            4.387904644012451,
            -0.525412380695343
        ],
        "focalLengthX": 0.8751659989356995,
        "focalLengthY": 0.8751659989356995,
        "model": 2,
        "principalPointX": 0.5025827884674072,
        "principalPointY": 0.4874187111854553
    },
    "streamFrame": {
        "channels": 3,
        "dataFlags": 7,
        "frameNumber": 43024,
        "hmdPose": {
            "value": [
                0.49210352431091653,
                0.11447334523079052,
                0.8629773865235144,
                0.0,
                -0.06276623671176777,
                0.9934021301579992,
                -0.09598232786507721,
                0.0,
                -0.8682709922301477,
                -0.006932601606113871,
                0.4960417504439215,
                0.0,
                0.23586340248584747,
                0.5027291774749756,
                0.6634896993637085,
                1.0
            ]
        },
        "id": 1,
        "metadata": {
            "cameraCalibrationConstant": 0.7799999713897705,
            "ev": 7.165760517120361,
            "exposureTime": 0.009999999776482582,
            "timestamp": 1000015378632149200,
            "wbNormalizationData": {
                "ccm": {
                    "value": [
                        1.857709527015686,
                        -0.6264517903327942,
                        -0.23125863075256348,
                        -0.5484388470649719,
                        1.8550621271133423,
                        -0.30662333965301514,
                        -0.06824428588151932,
                        -0.6432193517684937,
                        1.7114688158035278
                    ]
                },
                "invCCM": {
                    "value": [
                        0.6411198288367674,
                        0.2352271617115074,
                        0.12365418459210718,
                        0.193152843795107,
                        0.6510263103952112,
                        0.15582289545300368,
                        0.09428614762734636,
                        0.2569038927760153,
                        0.6488252097989301
                    ]
                },
                "whiteBalanceColorGains": [
                    0.9404332773405666,
                    1.0,
                    1.3011145947256149
                ]
            },
            "whiteBalanceTemperature": 4839.0
        },
        "type": 1
    },
    "timestamp": 1000015378632149200
}