{
    "bufferMetadata": {
        "byteSize": 860160,
        "format": 13,
        "height": 640,
        "rowStride": 896,
        "type": 1,
        "width": 832
    },
    "channelIndex": 1,
    "extrinsics": {
        "value": [
            0.9998998617160034,
            -0.0026089362980596846,
            -0.013908989655296808,
            0.0,
            0.002611153973845381,
            0.9999965809510417,
            0.00014128412300121014,
            0.0,
            0.01390857349850654,
            -0.0001775884883864227,
            0.9999032553437533,
            0.0,
            -0.06327340006828308,
            0.00016509280249010772,
            0.0008801572257652879,
            1.0
        ]
    },
    "intrinsics": {
        "distortionCoefficients": [
            5.206622123718262,
            0.24839013814926147,
            -0.08764989674091339,
            8.368406295776367,
            -5.273936767480336e-05,
            -1.0025482879427727e-05,
            4.387904644012451,
            -0.525412380695343
        ],
        "focalLengthX": 0.8751659989356995,
        "focalLengthY": 0.8751659989356995,
        "model": 2,
        "principalPointX": 0.5025827884674072,
        "principalPointY": 0.4874187111854553
    },
    "streamFrame": {
        "channels": 3,
        "dataFlags": 7,
        "frameNumber": 43137,
        "hmdPose": {
            "value": [
                0.39351090581058124,
                0.1380554144483669,
                0.9088948596911495,
                0.0,
                0.009136352243707901,
                0.9880238910976299,
                -0.15403024903359536,
                0.0,
                -0.919274545769208,
                0.06891656615910406,
                0.38753685347046996,
                0.0,
                0.23586340248584747,
                0.5027291774749756,
                0.6634896993637085,
                1.0
            ]
        },
        "id": 1,
        "metadata": {
            "cameraCalibrationConstant": 0.7799999713897705,
            "ev": 7.051011562347412,
            "exposureTime": 0.009999999776482582,
            "timestamp": 1000015379887693200,
            "wbNormalizationData": {
                "ccm": {
                    "value": [
                        1.863171935081482,
                        -0.6372023820877075,
                        -0.2259698510169983,
                        -0.5352221727371216,
                        1.8502283096313477,
                        -0.31500592827796936,
                        -0.06526828557252884,
                        -0.6461916565895081,
                        1.7114622592926025
                    ]
                },
                "invCCM": {
                    "value": [
                        0.6411198288367674,
                        0.2352271617115074,
                        0.12365418459210718,
                        0.193152843795107,
                        0.6510263103952112,
                        0.15582289545300368,
                        0.09428614762734636,
                        0.2569038927760153,
                        0.6488252097989301
                    ]
                },
                "whiteBalanceColorGains": [
                    0.9430294325807673,
                    1.0,
                    1.2781775069577164
                ]
            },
            "whiteBalanceTemperature": 4894.0
        },
        "type": 1
    },
    "timestamp": 1000015379887693200
}