{
    "bufferMetadata": {
        "byteSize": 860160,
        "format": 13,
        "height": 640,
        "rowStride": 896,
        "type": 1,
        "width": 832
    },
    "channelIndex": 1,
    "extrinsics": {
        "value": [
            0.9998998617160034,
            -0.0026089362980596846,
            -0.013908989655296808,
            0.0,
            0.002611153973845381,
            0.9999965809510417,
            0.00014128412300121014,
            0.0,
            0.01390857349850654,
            -0.0001775884883864227,
            0.9999032553437533,
            0.0,
            -0.06327340006828308,
            0.00016509280249010772,
            0.0008801572257652879,
            1.0
        ]
    },
    "intrinsics": {
        "distortionCoefficients": [
            5.206622123718262,
            0.24839013814926147,
            -0.08764989674091339,
            8.368406295776367,
            -5.273936767480336e-05,
            -1.0025482879427727e-05,
            4.387904644012451,
            -0.525412380695343
        ],
        "focalLengthX": 0.8751659989356995,
        "focalLengthY": 0.8751659989356995,
        "model": 2,
        "principalPointX": 0.5025827884674072,
        "principalPointY": 0.4874187111854553
    },
    "streamFrame": {
        "channels": 3,
        "dataFlags": 7,
        "frameNumber": 43127,
        "hmdPose": {
            "value": [
                0.11906608011076347,
                0.15032851611632267,
                0.9814400752311425,
                0.0,
                -0.007970322767315713,
                0.9885845906964312,
                -0.150455911126465,
                0.0,
                -0.9928543488258643,
                0.01009180262264571,
                0.11890505876794899,
                0.0,
                0.23586340248584747,
                0.5027291774749756,
                0.6634896993637085,
                1.0
            ]
        },
        "id": 1,
        "metadata": {
            "cameraCalibrationConstant": 0.7799999713897705,
            "ev": 7.040220260620117,
            "exposureTime": 0.009999999776482582,
            "timestamp": 1000015379776581100,
            "wbNormalizationData": {
                "ccm": {
                    "value": [
                        1.8469288349151611,
                        -0.6259896159172058,
                        -0.2209392488002777,
                        -0.5287649035453796,
                        1.8505080938339233,
                        -0.3217427134513855,
                        -0.06286253035068512,
                        -0.6452972888946533,
                        1.7081586122512817
                    ]
                },
                "invCCM": {
                    "value": [
                        0.6411198288367674,
                        0.2352271617115074,
                        0.12365418459210718,
                        0.193152843795107,
                        0.6510263103952112,
                        0.15582289545300368,
                        0.09428614762734636,
                        0.2569038927760153,
                        0.6488252097989301
                    ]
                },
                "whiteBalanceColorGains": [
                    0.946542625108852,
                    1.0,
                    1.2562551443627499
                ]
            },
            "whiteBalanceTemperature": 4952.0
        },
        "type": 1
    },
    "timestamp": 1000015379776581100
}