{
    "bufferMetadata": {
        "byteSize": 860160,
        "format": 13,
        "height": 640,
        "rowStride": 896,
        "type": 1,
        "width": 832
    },
    "channelIndex": 1,
    "extrinsics": {
        "value": [
            0.9998998617160034,
            -0.0026089362980596846,
            -0.013908989655296808,
            0.0,
            0.002611153973845381,
            0.9999965809510417,
            0.00014128412300121014,
            0.0,
            0.01390857349850654,
            -0.0001775884883864227,
            0.9999032553437533,
            0.0,
            -0.06327340006828308,
            0.00016509280249010772,
            0.0008801572257652879,
            1.0
        ]
    },
    "intrinsics": {
        "distortionCoefficients": [
            5.206622123718262,
            0.24839013814926147,
            -0.08764989674091339,
            8.368406295776367,
            -5.273936767480336e-05,
            -1.0025482879427727e-05,
            4.387904644012451,
            -0.525412380695343
        ],
        "focalLengthX": 0.8751659989356995,
        "focalLengthY": 0.8751659989356995,
        "model": 2,
        "principalPointX": 0.5025827884674072,
        "principalPointY": 0.4874187111854553
    },
    "streamFrame": {
        "channels": 3,
        "dataFlags": 7,
        "frameNumber": 43077,
        "hmdPose": {
            "value": [
                -0.8651996552887351,
                0.18108794047673749,
                0.46758600981537424,
                0.0,
                0.1638411139027257,
                0.9834221235847754,
                -0.07769823616921215,
                0.0,
                -0.4739046403616277,
                0.009385324852459714,
                -0.8805261321982667,
                0.0,
                0.23586340248584747,
                0.5027291774749756,
                0.6634896993637085,
                1.0
            ]
        },
        "id": 1,
        "metadata": {
            "cameraCalibrationConstant": 0.7799999713897705,
            "ev": 7.097853183746338,
            "exposureTime": 0.009999999776482582,
            "timestamp": 1000015379221014400,
            "wbNormalizationData": {
                "ccm": {
                    "value": [
                        1.8482568264007568,
                        -0.6300153732299805,
                        -0.21824097633361816,
                        -0.5264995694160461,
                        1.8499486446380615,
                        -0.3234485983848572,
                        -0.06182411313056946,
                        -0.6467218995094299,
                        1.7085423469543457
                    ]
                },
                "invCCM": {
                    "value": [
                        0.6411198288367674,
                        0.2352271617115074,
                        0.12365418459210718,
                        0.193152843795107,
                        0.6510263103952112,
                        0.15582289545300368,
                        0.09428614762734636,
                        0.2569038927760153,
                        0.6488252097989301
                    ]
                },
                "whiteBalanceColorGains": [
                    0.9511731014455125,
                    1.0,
                    1.2562111842726826
                ]
            },
            "whiteBalanceTemperature": 4976.0
        },
        "type": 1
    },
    "timestamp": 1000015379221014400
}