{
    "bufferMetadata": {
        "byteSize": 860160,
        "format": 13,
        "height": 640,
        "rowStride": 896,
        "type": 1,
        "width": 832
    },
    "channelIndex": 1,
    "extrinsics": {
        "value": [
            0.9998998617160034,
            -0.0026089362980596846,
            -0.013908989655296808,
            0.0,
            0.002611153973845381,
            0.9999965809510417,
            0.00014128412300121014,
            0.0,
            0.01390857349850654,
            -0.0001775884883864227,
            0.9999032553437533,
            0.0,
            -0.06327340006828308,
            0.00016509280249010772,
            0.0008801572257652879,
            1.0
        ]
    },
    "intrinsics": {
        "distortionCoefficients": [
            5.206622123718262,
            0.24839013814926147,
            -0.08764989674091339,
            8.368406295776367,
            -5.273936767480336e-05,
            -1.0025482879427727e-05,
            4.387904644012451,
            -0.525412380695343
        ],
        "focalLengthX": 0.8751659989356995,
        "focalLengthY": 0.8751659989356995,
        "model": 2,
        "principalPointX": 0.5025827884674072,
        "principalPointY": 0.4874187111854553
    },
    "streamFrame": {
        "channels": 3,
        "dataFlags": 7,
        "frameNumber": 43006,
        "hmdPose": {
            "value": [
                0.37795211186012334,
                0.11607591377928828,
                0.9185197834729837,
                0.0,
                -0.126774076946229,
                0.9892528762082192,
                -0.07284971165363588,
                0.0,
                -0.9171044345140771,
                -0.08891079413597383,
                0.38860563039253226,
                0.0,
                0.23586340248584747,
                0.5027291774749756,
                0.6634896993637085,
                1.0
            ]
        },
        "id": 1,
        "metadata": {
            "cameraCalibrationConstant": 0.7799999713897705,
            "ev": 7.083569049835205,
            "exposureTime": 0.009999999776482582,
            "timestamp": 1000015378432113300,
            "wbNormalizationData": {
                "ccm": {
                    "value": [
                        1.878311038017273,
                        -0.6552140116691589,
                        -0.22309717535972595,
                        -0.5299795866012573,
                        1.846592903137207,
                        -0.31661316752433777,
                        -0.06389987468719482,
                        -0.6438313722610474,
                        1.7077347040176392
                    ]
                },
                "invCCM": {
                    "value": [
                        0.6411198288367674,
                        0.2352271617115074,
                        0.12365418459210718,
                        0.193152843795107,
                        0.6510263103952112,
                        0.15582289545300368,
                        0.09428614762734636,
                        0.2569038927760153,
                        0.6488252097989301
                    ]
                },
                "whiteBalanceColorGains": [
                    0.9460881300167207,
                    1.0,
                    1.2754459095379065
                ]
            },
            "whiteBalanceTemperature": 4915.0
        },
        "type": 1
    },
    "timestamp": 1000015378432113300
}