{
    "bufferMetadata": {
        "byteSize": 860160,
        "format": 13,
        "height": 640,
        "rowStride": 896,
        "type": 1,
        "width": 832
    },
    "channelIndex": 1,
    "extrinsics": {
        "value": [
            0.9998998617160034,
            -0.0026089362980596846,
            -0.013908989655296808,
            0.0,
            0.002611153973845381,
            0.9999965809510417,
            0.00014128412300121014,
            0.0,
            0.01390857349850654,
            -0.0001775884883864227,
            0.9999032553437533,
            0.0,
            -0.06327340006828308,
            0.00016509280249010772,
            0.0008801572257652879,
            1.0
        ]
    },
    "intrinsics": {
        "distortionCoefficients": [
            5.206622123718262,
            0.24839013814926147,
            -0.08764989674091339,
            8.368406295776367,
            -5.273936767480336e-05,
            -1.0025482879427727e-05,
            4.387904644012451,
            -0.525412380695343
        ],
        "focalLengthX": 0.8751659989356995,
        "focalLengthY": 0.8751659989356995,
        "model": 2,
        "principalPointX": 0.5025827884674072,
        "principalPointY": 0.4874187111854553
    },
    "streamFrame": {
        "channels": 3,
        "dataFlags": 7,
        "frameNumber": 43125,
        "hmdPose": {
            "value": [
                0.05562126341930351,
                0.15222853034997624,
                0.986778969210706,
                0.0,
                -0.009858851467424212,
                0.9883444940506299,
                -0.15191433091028278,
                0.0,
                -0.9984032564934874,
                -0.0012788415312269819,
                0.0564737680252555,
                0.0,
                0.23586340248584747,
                0.5027291774749756,
                0.6634896993637085,
                1.0
            ]
        },
        "id": 1,
        "metadata": {
            "cameraCalibrationConstant": 0.7799999713897705,
            "ev": 7.04240083694458,
            "exposureTime": 0.009999999776482582,
            "timestamp": 1000015379754358800,
            "wbNormalizationData": {
                "ccm": {
                    "value": [
                        1.842340111732483,
                        -0.6219226717948914,
                        -0.22041741013526917,
                        -0.5284265875816345,
                        1.851040005683899,
                        -0.322613000869751,
                        -0.0626268982887268,
                        -0.6453332304954529,
                        1.7079581022262573
                    ]
                },
                "invCCM": {
                    "value": [
                        0.6411198288367674,
                        0.2352271617115074,
                        0.12365418459210718,
                        0.193152843795107,
                        0.6510263103952112,
                        0.15582289545300368,
                        0.09428614762734636,
                        0.2569038927760153,
                        0.6488252097989301
                    ]
                },
                "whiteBalanceColorGains": [
                    0.9469246962683918,
                    1.0,
                    1.2525782835697827
                ]
            },
            "whiteBalanceTemperature": 4960.0
        },
        "type": 1
    },
    "timestamp": 1000015379754358800
}