{
    "bufferMetadata": {
        "byteSize": 860160,
        "format": 13,
        "height": 640,
        "rowStride": 896,
        "type": 1,
        "width": 832
    },
    "channelIndex": 1,
    "extrinsics": {
        "value": [
            0.9998998617160034,
            -0.0026089362980596846,
            -0.013908989655296808,
            0.0,
            0.002611153973845381,
            0.9999965809510417,
            0.00014128412300121014,
            0.0,
            0.01390857349850654,
            -0.0001775884883864227,
            0.9999032553437533,
            0.0,
            -0.06327340006828308,
            0.00016509280249010772,
            0.0008801572257652879,
            1.0
        ]
    },
    "intrinsics": {
        "distortionCoefficients": [
            5.206622123718262,
            0.24839013814926147,
            -0.08764989674091339,
            8.368406295776367,
            -5.273936767480336e-05,
            -1.0025482879427727e-05,
            4.387904644012451,
            -0.525412380695343
        ],
        "focalLengthX": 0.8751659989356995,
        "focalLengthY": 0.8751659989356995,
        "model": 2,
        "principalPointX": 0.5025827884674072,
        "principalPointY": 0.4874187111854553
    },
    "streamFrame": {
        "channels": 3,
        "dataFlags": 7,
        "frameNumber": 43045,
        "hmdPose": {
            "value": [
                -0.0045950317434555465,
                0.1793426853369456,
                0.9837759113983475,
                0.0,
                -0.025729922647355186,
                0.9834394064693956,
                -0.17940151664348408,
                0.0,
                -0.9996583484931625,
                -0.0261368381705685,
                9.55385859542357e-05,
                0.0,
                0.23586340248584747,
                0.5027291774749756,
                0.6634896993637085,
                1.0
            ]
        },
        "id": 1,
        "metadata": {
            "cameraCalibrationConstant": 0.7799999713897705,
            "ev": 7.290834903717041,
            "exposureTime": 0.009999999776482582,
            "timestamp": 1000015378865263700,
            "wbNormalizationData": {
                "ccm": {
                    "value": [
                        1.8880517482757568,
                        -0.6616163849830627,
                        -0.22643594443798065,
                        -0.5347107648849487,
                        1.8467949628829956,
                        -0.31208404898643494,
                        -0.06556443870067596,
                        -0.645993173122406,
                        1.7115628719329834
                    ]
                },
                "invCCM": {
                    "value": [
                        0.6411198288367674,
                        0.2352271617115074,
                        0.12365418459210718,
                        0.193152843795107,
                        0.6510263103952112,
                        0.15582289545300368,
                        0.09428614762734636,
                        0.2569038927760153,
                        0.6488252097989301
                    ]
                },
                "whiteBalanceColorGains": [
                    0.9443811464741781,
                    1.0,
                    1.294841902757852
                ]
            },
            "whiteBalanceTemperature": 4871.0
        },
        "type": 1
    },
    "timestamp": 1000015378865263700
}