{
    "bufferMetadata": {
        "byteSize": 860160,
        "format": 13,
        "height": 640,
        "rowStride": 896,
        "type": 1,
        "width": 832
    },
    "channelIndex": 1,
    "extrinsics": {
        "value": [
            0.9998998617160034,
            -0.0026089362980596846,
            -0.013908989655296808,
            0.0,
            0.002611153973845381,
            0.9999965809510417,
            0.00014128412300121014,
            0.0,
            0.01390857349850654,
            -0.0001775884883864227,
            0.9999032553437533,
            0.0,
            -0.06327340006828308,
            0.00016509280249010772,
            0.0008801572257652879,
            1.0
        ]
    },
    "intrinsics": {
        "distortionCoefficients": [
            5.206622123718262,
            0.24839013814926147,
            -0.08764989674091339,
            8.368406295776367,
            -5.273936767480336e-05,
            -1.0025482879427727e-05,
            4.387904644012451,
            -0.525412380695343
        ],
        "focalLengthX": 0.8751659989356995,
        "focalLengthY": 0.8751659989356995,
        "model": 2,
        "principalPointX": 0.5025827884674072,
        "principalPointY": 0.4874187111854553
    },
    "streamFrame": {
        "channels": 3,
        "dataFlags": 7,
        "frameNumber": 43062,
        "hmdPose": {
            "value": [
                -0.5921253705970568,
                0.19878475602614348,
                0.7809431133129988,
                0.0,
                0.10984569553387696,
                0.9799621409182189,
                -0.16615692970049561,
                0.0,
                -0.7983241500994765,
                -0.01260249524670655,
                -0.6020960955861652,
                0.0,
                0.23586340248584747,
                0.5027291774749756,
                0.6634896993637085,
                1.0
            ]
        },
        "id": 1,
        "metadata": {
            "cameraCalibrationConstant": 0.7799999713897705,
            "ev": 7.171937942504883,
            "exposureTime": 0.009999999776482582,
            "timestamp": 1000015379054333700,
            "wbNormalizationData": {
                "ccm": {
                    "value": [
                        1.8614140748977661,
                        -0.6424090266227722,
                        -0.21900470554828644,
                        -0.5240208506584167,
                        1.8471369743347168,
                        -0.32311558723449707,
                        -0.06187329813838005,
                        -0.6453733444213867,
                        1.7072455883026123
                    ]
                },
                "invCCM": {
                    "value": [
                        0.6411198288367674,
                        0.2352271617115074,
                        0.12365418459210718,
                        0.193152843795107,
                        0.6510263103952112,
                        0.15582289545300368,
                        0.09428614762734636,
                        0.2569038927760153,
                        0.6488252097989301
                    ]
                },
                "whiteBalanceColorGains": [
                    0.952226340950061,
                    1.0,
                    1.2564455571285658
                ]
            },
            "whiteBalanceTemperature": 4981.0
        },
        "type": 1
    },
    "timestamp": 1000015379054333700
}