{
    "bufferMetadata": {
        "byteSize": 860160,
        "format": 13,
        "height": 640,
        "rowStride": 896,
        "type": 1,
        "width": 832
    },
    "channelIndex": 1,
    "extrinsics": {
        "value": [
            0.9998998617160034,
            -0.0026089362980596846,
            -0.013908989655296808,
            0.0,
            0.002611153973845381,
            0.9999965809510417,
            0.00014128412300121014,
            0.0,
            0.01390857349850654,
            -0.0001775884883864227,
            0.9999032553437533,
            0.0,
            -0.06327340006828308,
            0.00016509280249010772,
            0.0008801572257652879,
            1.0
        ]
    },
    "intrinsics": {
        "distortionCoefficients": [
            5.206622123718262,
            0.24839013814926147,
            -0.08764989674091339,
            8.368406295776367,
            -5.273936767480336e-05,
            -1.0025482879427727e-05,
            4.387904644012451,
            -0.525412380695343
        ],
        "focalLengthX": 0.8751659989356995,
        "focalLengthY": 0.8751659989356995,
        "model": 2,
        "principalPointX": 0.5025827884674072,
        "principalPointY": 0.4874187111854553
    },
    "streamFrame": {
        "channels": 3,
        "dataFlags": 7,
        "frameNumber": 43103,
        "hmdPose": {
            "value": [
                -0.619086271046601,
                0.18938983565019424,
                0.7621441479986245,
                0.0,
                0.09207074755979722,
                0.9812960015790545,
                -0.16905956050001186,
                0.0,
                -0.7799071673089927,
                -0.034491269983424735,
                -0.6249441462509924,
                0.0,
                0.23586340248584747,
                0.5027291774749756,
                0.6634896993637085,
                1.0
            ]
        },
        "id": 1,
        "metadata": {
            "cameraCalibrationConstant": 0.7799999713897705,
            "ev": 7.079598903656006,
            "exposureTime": 0.009999999776482582,
            "timestamp": 1000015379509907400,
            "wbNormalizationData": {
                "ccm": {
                    "value": [
                        1.8486356735229492,
                        -0.6297097206115723,
                        -0.21892575919628143,
                        -0.52776038646698,
                        1.8503106832504272,
                        -0.3225499093532562,
                        -0.06218475475907326,
                        -0.6472277045249939,
                        1.7094091176986694
                    ]
                },
                "invCCM": {
                    "value": [
                        0.6411198288367674,
                        0.2352271617115074,
                        0.12365418459210718,
                        0.193152843795107,
                        0.6510263103952112,
                        0.15582289545300368,
                        0.09428614762734636,
                        0.2569038927760153,
                        0.6488252097989301
                    ]
                },
                "whiteBalanceColorGains": [
                    0.9511869344831425,
                    1.0,
                    1.261107633973232
                ]
            },
            "whiteBalanceTemperature": 4967.0
        },
        "type": 1
    },
    "timestamp": 1000015379509907400
}