{
    "bufferMetadata": {
        "byteSize": 860160,
        "format": 13,
        "height": 640,
        "rowStride": 896,
        "type": 1,
        "width": 832
    },
    "channelIndex": 1,
    "extrinsics": {
        "value": [
            0.9998998617160034,
            -0.0026089362980596846,
            -0.013908989655296808,
            0.0,
            0.002611153973845381,
            0.9999965809510417,
            0.00014128412300121014,
            0.0,
            0.01390857349850654,
            -0.0001775884883864227,
            0.9999032553437533,
            0.0,
            -0.06327340006828308,
            0.00016509280249010772,
            0.0008801572257652879,
            1.0
        ]
    },
    "intrinsics": {
        "distortionCoefficients": [
            5.206622123718262,
            0.24839013814926147,
            -0.08764989674091339,
            8.368406295776367,
            -5.273936767480336e-05,
            -1.0025482879427727e-05,
            4.387904644012451,
            -0.525412380695343
        ],
        "focalLengthX": 0.8751659989356995,
        "focalLengthY": 0.8751659989356995,
        "model": 2,
        "principalPointX": 0.5025827884674072,
        "principalPointY": 0.4874187111854553
    },
    "streamFrame": {
        "channels": 3,
        "dataFlags": 7,
        "frameNumber": 43046,
        "hmdPose": {
            "value": [
                -0.04017591963078049,
                0.18194025745141676,
                0.9824884984913408,
                0.0,
                -0.020079642436386852,
                0.982936795393236,
                -0.18284437210320761,
                0.0,
                -0.9989908482608257,
                -0.0270739573890037,
                -0.03583709449742045,
                0.0,
                0.23586340248584747,
                0.5027291774749756,
                0.6634896993637085,
                1.0
            ]
        },
        "id": 1,
        "metadata": {
            "cameraCalibrationConstant": 0.7799999713897705,
            "ev": 7.289106369018555,
            "exposureTime": 0.009999999776482582,
            "timestamp": 1000015378876415000,
            "wbNormalizationData": {
                "ccm": {
                    "value": [
                        1.8893076181411743,
                        -0.6634882092475891,
                        -0.22581999003887177,
                        -0.5333770513534546,
                        1.8462175130844116,
                        -0.3128402531147003,
                        -0.06524085253477097,
                        -0.6460562348365784,
                        1.7113022804260254
                    ]
                },
                "invCCM": {
                    "value": [
                        0.6411198288367674,
                        0.2352271617115074,
                        0.12365418459210718,
                        0.193152843795107,
                        0.6510263103952112,
                        0.15582289545300368,
                        0.09428614762734636,
                        0.2569038927760153,
                        0.6488252097989301
                    ]
                },
                "whiteBalanceColorGains": [
                    0.9449582767652984,
                    1.0,
                    1.2928652773820966
                ]
            },
            "whiteBalanceTemperature": 4878.0
        },
        "type": 1
    },
    "timestamp": 1000015378876415000
}