{
    "bufferMetadata": {
        "byteSize": 860160,
        "format": 13,
        "height": 640,
        "rowStride": 896,
        "type": 1,
        "width": 832
    },
    "channelIndex": 1,
    "extrinsics": {
        "value": [
            0.9998998617160034,
            -0.0026089362980596846,
            -0.013908989655296808,
            0.0,
            0.002611153973845381,
            0.9999965809510417,
            0.00014128412300121014,
            0.0,
            0.01390857349850654,
            -0.0001775884883864227,
            0.9999032553437533,
            0.0,
            -0.06327340006828308,
            0.00016509280249010772,
            0.0008801572257652879,
            1.0
        ]
    },
    "intrinsics": {
        "distortionCoefficients": [
            5.206622123718262,
            0.24839013814926147,
            -0.08764989674091339,
            8.368406295776367,
            -5.273936767480336e-05,
            -1.0025482879427727e-05,
            4.387904644012451,
            -0.525412380695343
        ],
        "focalLengthX": 0.8751659989356995,
        "focalLengthY": 0.8751659989356995,
        "model": 2,
        "principalPointX": 0.5025827884674072,
        "principalPointY": 0.4874187111854553
    },
    "streamFrame": {
        "channels": 3,
        "dataFlags": 7,
        "frameNumber": 43082,
        "hmdPose": {
            "value": [
                -0.8825924892890824,
                0.1369338059928399,
                0.44975510276692127,
                0.0,
                0.12748028094506444,
                0.9905079623786459,
                -0.05140772845378486,
                0.0,
                -0.4525254663096167,
                0.011962832061260625,
                -0.8916712482376672,
                0.0,
                0.23586340248584747,
                0.5027291774749756,
                0.6634896993637085,
                1.0
            ]
        },
        "id": 1,
        "metadata": {
            "cameraCalibrationConstant": 0.7799999713897705,
            "ev": 7.087499618530273,
            "exposureTime": 0.009999999776482582,
            "timestamp": 1000015379276572200,
            "wbNormalizationData": {
                "ccm": {
                    "value": [
                        1.8595514297485352,
                        -0.6405175924301147,
                        -0.21903368830680847,
                        -0.5259243845939636,
                        1.8482418060302734,
                        -0.3223169147968292,
                        -0.06212196499109268,
                        -0.6479693055152893,
                        1.7100889682769775
                    ]
                },
                "invCCM": {
                    "value": [
                        0.6411198288367674,
                        0.2352271617115074,
                        0.12365418459210718,
                        0.193152843795107,
                        0.6510263103952112,
                        0.15582289545300368,
                        0.09428614762734636,
                        0.2569038927760153,
                        0.6488252097989301
                    ]
                },
                "whiteBalanceColorGains": [
                    0.950595505619472,
                    1.0,
                    1.2641090637690895
                ]
            },
            "whiteBalanceTemperature": 4959.0
        },
        "type": 1
    },
    "timestamp": 1000015379276572200
}