{
    "bufferMetadata": {
        "byteSize": 860160,
        "format": 13,
        "height": 640,
        "rowStride": 896,
        "type": 1,
        "width": 832
    },
    "channelIndex": 1,
    "extrinsics": {
        "value": [
            0.9998998617160034,
            -0.0026089362980596846,
            -0.013908989655296808,
            0.0,
            0.002611153973845381,
            0.9999965809510417,
            0.00014128412300121014,
            0.0,
            0.01390857349850654,
            -0.0001775884883864227,
            0.9999032553437533,
            0.0,
            -0.06327340006828308,
            0.00016509280249010772,
            0.0008801572257652879,
            1.0
        ]
    },
    "intrinsics": {
        "distortionCoefficients": [
            5.206622123718262,
            0.24839013814926147,
            -0.08764989674091339,
            8.368406295776367,
            -5.273936767480336e-05,
            -1.0025482879427727e-05,
            4.387904644012451,
            -0.525412380695343
        ],
        "focalLengthX": 0.8751659989356995,
        "focalLengthY": 0.8751659989356995,
        "model": 2,
        "principalPointX": 0.5025827884674072,
        "principalPointY": 0.4874187111854553
    },
    "streamFrame": {
        "channels": 3,
        "dataFlags": 7,
        "frameNumber": 43115,
        "hmdPose": {
            "value": [
                -0.2674662912618977,
                0.15826014640860886,
                0.9504817126388209,
                0.0,
                0.011266706258722822,
                0.9868659640074113,
                -0.1611478519096301,
                0.0,
                -0.9635013343696935,
                -0.0323928217933251,
                -0.26573644981263067,
                0.0,
                0.23586340248584747,
                0.5027291774749756,
                0.6634896993637085,
                1.0
            ]
        },
        "id": 1,
        "metadata": {
            "cameraCalibrationConstant": 0.7799999713897705,
            "ev": 7.0715131759643555,
            "exposureTime": 0.009999999776482582,
            "timestamp": 1000015379643242600,
            "wbNormalizationData": {
                "ccm": {
                    "value": [
                        1.830244541168213,
                        -0.6115943789482117,
                        -0.21864977478981018,
                        -0.5290223956108093,
                        1.8530817031860352,
                        -0.32405856251716614,
                        -0.06205213442444801,
                        -0.6455475687980652,
                        1.7075952291488647
                    ]
                },
                "invCCM": {
                    "value": [
                        0.6411198288367674,
                        0.2352271617115074,
                        0.12365418459210718,
                        0.193152843795107,
                        0.6510263103952112,
                        0.15582289545300368,
                        0.09428614762734636,
                        0.2569038927760153,
                        0.6488252097989301
                    ]
                },
                "whiteBalanceColorGains": [
                    0.9494368557079835,
                    1.0,
                    1.248384466690031
                ]
            },
            "whiteBalanceTemperature": 4982.0
        },
        "type": 1
    },
    "timestamp": 1000015379643242600
}