{
    "bufferMetadata": {
        "byteSize": 860160,
        "format": 13,
        "height": 640,
        "rowStride": 896,
        "type": 1,
        "width": 832
    },
    "channelIndex": 1,
    "extrinsics": {
        "value": [
            0.9998998617160034,
            -0.0026089362980596846,
            -0.013908989655296808,
            0.0,
            0.002611153973845381,
            0.9999965809510417,
            0.00014128412300121014,
            0.0,
            0.01390857349850654,
            -0.0001775884883864227,
            0.9999032553437533,
            0.0,
            -0.06327340006828308,
            0.00016509280249010772,
            0.0008801572257652879,
            1.0
        ]
    },
    "intrinsics": {
        "distortionCoefficients": [
            5.206622123718262,
            0.24839013814926147,
            -0.08764989674091339,
            8.368406295776367,
            -5.273936767480336e-05,
            -1.0025482879427727e-05,
            4.387904644012451,
            -0.525412380695343
        ],
        "focalLengthX": 0.8751659989356995,
        "focalLengthY": 0.8751659989356995,
        "model": 2,
        "principalPointX": 0.5025827884674072,
        "principalPointY": 0.4874187111854553
    },
    "streamFrame": {
        "channels": 3,
        "dataFlags": 7,
        "frameNumber": 43092,
        "hmdPose": {
            "value": [
                -0.8194849571334826,
                0.1615075154077356,
                0.5498724617904805,
                0.0,
                0.1311242895353491,
                0.9868572968864772,
                -0.09444096702276024,
                0.0,
                -0.5578985772186137,
                -0.005291316014395642,
                -0.8298922678458851,
                0.0,
                0.23586340248584747,
                0.5027291774749756,
                0.6634896993637085,
                1.0
            ]
        },
        "id": 1,
        "metadata": {
            "cameraCalibrationConstant": 0.7799999713897705,
            "ev": 7.066979885101318,
            "exposureTime": 0.009999999776482582,
            "timestamp": 1000015379387684200,
            "wbNormalizationData": {
                "ccm": {
                    "value": [
                        1.8600068092346191,
                        -0.6397756338119507,
                        -0.22023123502731323,
                        -0.527816891670227,
                        1.8487428426742554,
                        -0.3209257125854492,
                        -0.06270397454500198,
                        -0.6481473445892334,
                        1.710849404335022
                    ]
                },
                "invCCM": {
                    "value": [
                        0.6411198288367674,
                        0.2352271617115074,
                        0.12365418459210718,
                        0.193152843795107,
                        0.6510263103952112,
                        0.15582289545300368,
                        0.09428614762734636,
                        0.2569038927760153,
                        0.6488252097989301
                    ]
                },
                "whiteBalanceColorGains": [
                    0.9502296616771521,
                    1.0,
                    1.269784408546133
                ]
            },
            "whiteBalanceTemperature": 4947.0
        },
        "type": 1
    },
    "timestamp": 1000015379387684200
}