{
    "bufferMetadata": {
        "byteSize": 860160,
        "format": 13,
        "height": 640,
        "rowStride": 896,
        "type": 1,
        "width": 832
    },
    "channelIndex": 1,
    "extrinsics": {
        "value": [
            0.9998998617160034,
            -0.0026089362980596846,
            -0.013908989655296808,
            0.0,
            0.002611153973845381,
            0.9999965809510417,
            0.00014128412300121014,
            0.0,
            0.01390857349850654,
            -0.0001775884883864227,
            0.9999032553437533,
            0.0,
            -0.06327340006828308,
            0.00016509280249010772,
            0.0008801572257652879,
            1.0
        ]
    },
    "intrinsics": {
        "distortionCoefficients": [
            5.206622123718262,
            0.24839013814926147,
            -0.08764989674091339,
            8.368406295776367,
            -5.273936767480336e-05,
            -1.0025482879427727e-05,
            4.387904644012451,
            -0.525412380695343
        ],
        "focalLengthX": 0.8751659989356995,
        "focalLengthY": 0.8751659989356995,
        "model": 2,
        "principalPointX": 0.5025827884674072,
        "principalPointY": 0.4874187111854553
    },
    "streamFrame": {
        "channels": 3,
        "dataFlags": 7,
        "frameNumber": 43143,
        "hmdPose": {
            "value": [
                0.49282106228095257,
                0.12603943062515074,
                0.8609538135539921,
                0.0,
                0.01331207448185498,
                0.9882455306844904,
                -0.15229432001050233,
                0.0,
                -0.8700288476932613,
                0.08651493028465987,
                0.4853503659104421,
                0.0,
                0.23586340248584747,
                0.5027291774749756,
                0.6634896993637085,
                1.0
            ]
        },
        "id": 1,
        "metadata": {
            "cameraCalibrationConstant": 0.7799999713897705,
            "ev": 7.071404933929443,
            "exposureTime": 0.009999999776482582,
            "timestamp": 1000015379954360300,
            "wbNormalizationData": {
                "ccm": {
                    "value": [
                        1.8613966703414917,
                        -0.6322231888771057,
                        -0.22917409241199493,
                        -0.5414819717407227,
                        1.8523709774017334,
                        -0.3108888268470764,
                        -0.06691882014274597,
                        -0.6459312438964844,
                        1.7128539085388184
                    ]
                },
                "invCCM": {
                    "value": [
                        0.6411198288367674,
                        0.2352271617115074,
                        0.12365418459210718,
                        0.193152843795107,
                        0.6510263103952112,
                        0.15582289545300368,
                        0.09428614762734636,
                        0.2569038927760153,
                        0.6488252097989301
                    ]
                },
                "whiteBalanceColorGains": [
                    0.941231337203835,
                    1.0,
                    1.289650604718399
                ]
            },
            "whiteBalanceTemperature": 4864.0
        },
        "type": 1
    },
    "timestamp": 1000015379954360300
}