{
    "bufferMetadata": {
        "byteSize": 860160,
        "format": 13,
        "height": 640,
        "rowStride": 896,
        "type": 1,
        "width": 832
    },
    "channelIndex": 1,
    "extrinsics": {
        "value": [
            0.9998998617160034,
            -0.0026089362980596846,
            -0.013908989655296808,
            0.0,
            0.002611153973845381,
            0.9999965809510417,
            0.00014128412300121014,
            0.0,
            0.01390857349850654,
            -0.0001775884883864227,
            0.9999032553437533,
            0.0,
            -0.06327340006828308,
            0.00016509280249010772,
            0.0008801572257652879,
            1.0
        ]
    },
    "intrinsics": {
        "distortionCoefficients": [
            5.206622123718262,
            0.24839013814926147,
            -0.08764989674091339,
            8.368406295776367,
            -5.273936767480336e-05,
            -1.0025482879427727e-05,
            4.387904644012451,
            -0.525412380695343
        ],
        "focalLengthX": 0.8751659989356995,
        "focalLengthY": 0.8751659989356995,
        "model": 2,
        "principalPointX": 0.5025827884674072,
        "principalPointY": 0.4874187111854553
    },
    "streamFrame": {
        "channels": 3,
        "dataFlags": 7,
        "frameNumber": 43100,
        "hmdPose": {
            "value": [
                -0.6890325016508925,
                0.1886415145720629,
                0.6997489502087749,
                0.0,
                0.11009170493229346,
                0.9815692435223379,
                -0.15621023239601492,
                0.0,
                -0.71631978252972,
                -0.030597372110596877,
                -0.697100977376208,
                0.0,
                0.23586340248584747,
                0.5027291774749756,
                0.6634896993637085,
                1.0
            ]
        },
        "id": 1,
        "metadata": {
            "cameraCalibrationConstant": 0.7799999713897705,
            "ev": 7.072203636169434,
            "exposureTime": 0.009999999776482582,
            "timestamp": 1000015379476573800,
            "wbNormalizationData": {
                "ccm": {
                    "value": [
                        1.8528121709823608,
                        -0.6332996487617493,
                        -0.21951241791248322,
                        -0.5282405614852905,
                        1.8498868942260742,
                        -0.32164591550827026,
                        -0.062455929815769196,
                        -0.6473960280418396,
                        1.7098491191864014
                    ]
                },
                "invCCM": {
                    "value": [
                        0.6411198288367674,
                        0.2352271617115074,
                        0.12365418459210718,
                        0.193152843795107,
                        0.6510263103952112,
                        0.15582289545300368,
                        0.09428614762734636,
                        0.2569038927760153,
                        0.6488252097989301
                    ]
                },
                "whiteBalanceColorGains": [
                    0.950989015637052,
                    1.0,
                    1.264459772995924
                ]
            },
            "whiteBalanceTemperature": 4960.0
        },
        "type": 1
    },
    "timestamp": 1000015379476573800
}