{
    "bufferMetadata": {
        "byteSize": 860160,
        "format": 13,
        "height": 640,
        "rowStride": 896,
        "type": 1,
        "width": 832
    },
    "channelIndex": 1,
    "extrinsics": {
        "value": [
            0.9998998617160034,
            -0.0026089362980596846,
            -0.013908989655296808,
            0.0,
            0.002611153973845381,
            0.9999965809510417,
            0.00014128412300121014,
            0.0,
            0.01390857349850654,
            -0.0001775884883864227,
            0.9999032553437533,
            0.0,
            -0.06327340006828308,
            0.00016509280249010772,
            0.0008801572257652879,
            1.0
        ]
    },
    "intrinsics": {
        "distortionCoefficients": [
            5.206622123718262,
            0.24839013814926147,
            -0.08764989674091339,
            8.368406295776367,
            -5.273936767480336e-05,
            -1.0025482879427727e-05,
            4.387904644012451,
            -0.525412380695343
        ],
        "focalLengthX": 0.8751659989356995,
        "focalLengthY": 0.8751659989356995,
        "model": 2,
        "principalPointX": 0.5025827884674072,
        "principalPointY": 0.4874187111854553
    },
    "streamFrame": {
        "channels": 3,
        "dataFlags": 7,
        "frameNumber": 43091,
        "hmdPose": {
            "value": [
                -0.8308202935096654,
                0.15582813275049648,
                0.5342800995330489,
                0.0,
                0.13004982518960514,
                0.9877824400858463,
                -0.08586555753982046,
                0.0,
                -0.5411327699203811,
                -0.0018558143669890337,
                -0.840935118214944,
                0.0,
                0.23586340248584747,
                0.5027291774749756,
                0.6634896993637085,
                1.0
            ]
        },
        "id": 1,
        "metadata": {
            "cameraCalibrationConstant": 0.7799999713897705,
            "ev": 7.06843376159668,
            "exposureTime": 0.009999999776482582,
            "timestamp": 1000015379376573100,
            "wbNormalizationData": {
                "ccm": {
                    "value": [
                        1.859224796295166,
                        -0.6387220025062561,
                        -0.22050297260284424,
                        -0.5281883478164673,
                        1.848946452140808,
                        -0.32075783610343933,
                        -0.06282202154397964,
                        -0.6481865644454956,
                        1.711006760597229
                    ]
                },
                "invCCM": {
                    "value": [
                        0.6411198288367674,
                        0.2352271617115074,
                        0.12365418459210718,
                        0.193152843795107,
                        0.6510263103952112,
                        0.15582289545300368,
                        0.09428614762734636,
                        0.2569038927760153,
                        0.6488252097989301
                    ]
                },
                "whiteBalanceColorGains": [
                    0.9499073785023688,
                    1.0,
                    1.2704956633735458
                ]
            },
            "whiteBalanceTemperature": 4944.0
        },
        "type": 1
    },
    "timestamp": 1000015379376573100
}